[2026-05-06 17:00:16] production.ERROR: The D:\Projects\Zoddy\bootstrap\cache directory must be present and writable. {"exception":"[object] (Exception(code: 0): The D:\\Projects\\Zoddy\\bootstrap\\cache directory must be present and writable. at D:/Projects/Zoddy/vendor/laravel/framework/src/Illuminate/Foundation/PackageManifest.php:179)
[stacktrace]
#0 D:/Projects/Zoddy/vendor/laravel/framework/src/Illuminate/Foundation/PackageManifest.php(132): Illuminate/Foundation/PackageManifest->write(Array)
#1 D:/Projects/Zoddy/vendor/laravel/framework/src/Illuminate/Foundation/PackageManifest.php(108): Illuminate/Foundation/PackageManifest->build()
#2 D:/Projects/Zoddy/vendor/laravel/framework/src/Illuminate/Foundation/PackageManifest.php(90): Illuminate/Foundation/PackageManifest->getManifest()
#3 D:/Projects/Zoddy/vendor/laravel/framework/src/Illuminate/Foundation/PackageManifest.php(79): Illuminate/Foundation/PackageManifest->config('aliases')
#4 D:/Projects/Zoddy/vendor/laravel/framework/src/Illuminate/Foundation/Bootstrap/RegisterFacades.php(26): Illuminate/Foundation/PackageManifest->aliases()
#5 D:/Projects/Zoddy/vendor/laravel/framework/src/Illuminate/Foundation/Application.php(342): Illuminate/Foundation/Bootstrap/RegisterFacades->bootstrap(Object(Illuminate/Foundation/Application))
#6 D:/Projects/Zoddy/vendor/laravel/framework/src/Illuminate/Foundation/Console/Kernel.php(494): Illuminate/Foundation/Application->bootstrapWith(Array)
#7 D:/Projects/Zoddy/vendor/laravel/framework/src/Illuminate/Foundation/Console/Kernel.php(196): Illuminate/Foundation/Console/Kernel->bootstrap()
#8 D:/Projects/Zoddy/vendor/laravel/framework/src/Illuminate/Foundation/Application.php(1235): Illuminate/Foundation/Console/Kernel->handle(Object(Symfony/Component/Console/Input/ArgvInput), Object(Symfony/Component/Console/Output/ConsoleOutput))
#9 D:/Projects/Zoddy/artisan(16): Illuminate/Foundation/Application->handleCommand(Object(Symfony/Component/Console/Input/ArgvInput))
#10 {main}
"} 
[2026-05-06 17:00:28] production.ERROR: require(D:\Projects\Zoddy\bootstrap/../routes/web.php): Failed to open stream: No such file or directory {"exception":"[object] (ErrorException(code: 0): require(D:\\Projects\\Zoddy\\bootstrap/../routes/web.php): Failed to open stream: No such file or directory at D:/Projects/Zoddy/vendor/laravel/framework/src/Illuminate/Routing/RouteFileRegistrar.php:34)
[stacktrace]
#0 D:/Projects/Zoddy/vendor/laravel/framework/src/Illuminate/Foundation/Bootstrap/HandleExceptions.php(258): Illuminate/Foundation/Bootstrap/HandleExceptions->handleError(2, 'require(D://Proj...', 'D://Projects//Zod...', 34)
#1 D:/Projects/Zoddy/vendor/laravel/framework/src/Illuminate/Routing/RouteFileRegistrar.php(34): Illuminate/Foundation/Bootstrap/HandleExceptions->{closure:Illuminate/Foundation/Bootstrap/HandleExceptions::forwardsTo():257}(2, 'require(D://Proj...', 'D://Projects//Zod...', 34)
#2 D:/Projects/Zoddy/vendor/laravel/framework/src/Illuminate/Routing/RouteFileRegistrar.php(34): require('D://Projects//Zod...')
#3 D:/Projects/Zoddy/vendor/laravel/framework/src/Illuminate/Routing/Router.php(526): Illuminate/Routing/RouteFileRegistrar->register('D://Projects//Zod...')
#4 D:/Projects/Zoddy/vendor/laravel/framework/src/Illuminate/Routing/Router.php(480): Illuminate/Routing/Router->loadRoutes('D://Projects//Zod...')
#5 D:/Projects/Zoddy/vendor/laravel/framework/src/Illuminate/Routing/RouteRegistrar.php(212): Illuminate/Routing/Router->group(Array, 'D://Projects//Zod...')
#6 D:/Projects/Zoddy/vendor/laravel/framework/src/Illuminate/Foundation/Configuration/ApplicationBuilder.php(248): Illuminate/Routing/RouteRegistrar->group('D://Projects//Zod...')
#7 D:/Projects/Zoddy/vendor/laravel/framework/src/Illuminate/Container/BoundMethod.php(36): Illuminate/Foundation/Configuration/ApplicationBuilder->{closure:Illuminate/Foundation/Configuration/ApplicationBuilder::buildRoutingCallback():205}()
#8 D:/Projects/Zoddy/vendor/laravel/framework/src/Illuminate/Container/Util.php(43): Illuminate/Container/BoundMethod::{closure:Illuminate/Container/BoundMethod::call():35}()
#9 D:/Projects/Zoddy/vendor/laravel/framework/src/Illuminate/Container/BoundMethod.php(84): Illuminate/Container/Util::unwrapIfClosure(Object(Closure))
#10 D:/Projects/Zoddy/vendor/laravel/framework/src/Illuminate/Container/BoundMethod.php(35): Illuminate/Container/BoundMethod::callBoundMethod(Object(Illuminate/Foundation/Application), Object(Closure), Object(Closure))
#11 D:/Projects/Zoddy/vendor/laravel/framework/src/Illuminate/Container/Container.php(799): Illuminate/Container/BoundMethod::call(Object(Illuminate/Foundation/Application), Object(Closure), Array, NULL)
#12 D:/Projects/Zoddy/vendor/laravel/framework/src/Illuminate/Foundation/Support/Providers/RouteServiceProvider.php(162): Illuminate/Container/Container->call(Object(Closure))
#13 D:/Projects/Zoddy/vendor/laravel/framework/src/Illuminate/Foundation/Support/Providers/RouteServiceProvider.php(59): Illuminate/Foundation/Support/Providers/RouteServiceProvider->loadRoutes()
#14 D:/Projects/Zoddy/vendor/laravel/framework/src/Illuminate/Container/BoundMethod.php(36): Illuminate/Foundation/Support/Providers/RouteServiceProvider->{closure:Illuminate/Foundation/Support/Providers/RouteServiceProvider::register():53}()
#15 D:/Projects/Zoddy/vendor/laravel/framework/src/Illuminate/Container/Util.php(43): Illuminate/Container/BoundMethod::{closure:Illuminate/Container/BoundMethod::call():35}()
#16 D:/Projects/Zoddy/vendor/laravel/framework/src/Illuminate/Container/BoundMethod.php(84): Illuminate/Container/Util::unwrapIfClosure(Object(Closure))
#17 D:/Projects/Zoddy/vendor/laravel/framework/src/Illuminate/Container/BoundMethod.php(35): Illuminate/Container/BoundMethod::callBoundMethod(Object(Illuminate/Foundation/Application), Object(Closure), Object(Closure))
#18 D:/Projects/Zoddy/vendor/laravel/framework/src/Illuminate/Container/Container.php(799): Illuminate/Container/BoundMethod::call(Object(Illuminate/Foundation/Application), Object(Closure), Array, NULL)
#19 D:/Projects/Zoddy/vendor/laravel/framework/src/Illuminate/Support/ServiceProvider.php(150): Illuminate/Container/Container->call(Object(Closure))
#20 D:/Projects/Zoddy/vendor/laravel/framework/src/Illuminate/Foundation/Application.php(1154): Illuminate/Support/ServiceProvider->callBootedCallbacks()
#21 D:/Projects/Zoddy/vendor/laravel/framework/src/Illuminate/Foundation/Application.php(1132): Illuminate/Foundation/Application->bootProvider(Object(Illuminate/Foundation/Support/Providers/RouteServiceProvider))
#22 [internal function]: Illuminate/Foundation/Application->{closure:Illuminate/Foundation/Application::boot():1131}(Object(Illuminate/Foundation/Support/Providers/RouteServiceProvider), 'Illuminate//Foun...')
#23 D:/Projects/Zoddy/vendor/laravel/framework/src/Illuminate/Foundation/Application.php(1131): array_walk(Array, Object(Closure))
#24 D:/Projects/Zoddy/vendor/laravel/framework/src/Illuminate/Foundation/Bootstrap/BootProviders.php(17): Illuminate/Foundation/Application->boot()
#25 D:/Projects/Zoddy/vendor/laravel/framework/src/Illuminate/Foundation/Application.php(342): Illuminate/Foundation/Bootstrap/BootProviders->bootstrap(Object(Illuminate/Foundation/Application))
#26 D:/Projects/Zoddy/vendor/laravel/framework/src/Illuminate/Foundation/Console/Kernel.php(494): Illuminate/Foundation/Application->bootstrapWith(Array)
#27 D:/Projects/Zoddy/vendor/laravel/framework/src/Illuminate/Foundation/Console/Kernel.php(196): Illuminate/Foundation/Console/Kernel->bootstrap()
#28 D:/Projects/Zoddy/vendor/laravel/framework/src/Illuminate/Foundation/Application.php(1235): Illuminate/Foundation/Console/Kernel->handle(Object(Symfony/Component/Console/Input/ArgvInput), Object(Symfony/Component/Console/Output/ConsoleOutput))
#29 D:/Projects/Zoddy/artisan(16): Illuminate/Foundation/Application->handleCommand(Object(Symfony/Component/Console/Input/ArgvInput))
#30 {main}
"} 
[2026-05-06 17:05:55] production.ERROR: SQLSTATE[HY000]: General error: 1 table "product_variants" already exists (Connection: sqlite, Database: D:\Projects\Zoddy\database\database.sqlite, SQL: create table "product_variants" ("id" integer primary key autoincrement not null, "created_at" datetime, "updated_at" datetime)) {"exception":"[object] (Illuminate\\Database\\QueryException(code: HY000): SQLSTATE[HY000]: General error: 1 table \"product_variants\" already exists (Connection: sqlite, Database: D:\\Projects\\Zoddy\\database\\database.sqlite, SQL: create table \"product_variants\" (\"id\" integer primary key autoincrement not null, \"created_at\" datetime, \"updated_at\" datetime)) at D:/Projects/Zoddy/vendor/laravel/framework/src/Illuminate/Database/Connection.php:838)
[stacktrace]
#0 D:/Projects/Zoddy/vendor/laravel/framework/src/Illuminate/Database/Connection.php(794): Illuminate/Database/Connection->runQueryCallback('create table \"p...', Array, Object(Closure))
#1 D:/Projects/Zoddy/vendor/laravel/framework/src/Illuminate/Database/Connection.php(573): Illuminate/Database/Connection->run('create table \"p...', Array, Object(Closure))
#2 D:/Projects/Zoddy/vendor/laravel/framework/src/Illuminate/Database/Schema/Blueprint.php(121): Illuminate/Database/Connection->statement('create table \"p...')
#3 D:/Projects/Zoddy/vendor/laravel/framework/src/Illuminate/Database/Schema/Builder.php(686): Illuminate/Database/Schema/Blueprint->build()
#4 D:/Projects/Zoddy/vendor/laravel/framework/src/Illuminate/Database/Schema/Builder.php(506): Illuminate/Database/Schema/Builder->build(Object(Illuminate/Database/Schema/Blueprint))
#5 D:/Projects/Zoddy/vendor/laravel/framework/src/Illuminate/Support/Facades/Facade.php(363): Illuminate/Database/Schema/Builder->create('product_variant...', Object(Closure))
#6 D:/Projects/Zoddy/database/migrations/2026_05_06_170504_create_product_variants_table.php(14): Illuminate/Support/Facades/Facade::__callStatic('create', Array)
#7 D:/Projects/Zoddy/vendor/laravel/framework/src/Illuminate/Database/Migrations/Migrator.php(517): Illuminate/Database/Migrations/Migration@anonymous->up()
#8 D:/Projects/Zoddy/vendor/laravel/framework/src/Illuminate/Database/Migrations/Migrator.php(442): Illuminate/Database/Migrations/Migrator->runMethod(Object(Illuminate/Database/SQLiteConnection), Object(Illuminate/Database/Migrations/Migration@anonymous), 'up')
#9 D:/Projects/Zoddy/vendor/laravel/framework/src/Illuminate/Database/Migrations/Migrator.php(451): Illuminate/Database/Migrations/Migrator->{closure:Illuminate/Database/Migrations/Migrator::runMigration():438}()
#10 D:/Projects/Zoddy/vendor/laravel/framework/src/Illuminate/Database/Migrations/Migrator.php(253): Illuminate/Database/Migrations/Migrator->runMigration(Object(Illuminate/Database/Migrations/Migration@anonymous), 'up')
#11 D:/Projects/Zoddy/vendor/laravel/framework/src/Illuminate/Console/View/Components/Task.php(41): Illuminate/Database/Migrations/Migrator->{closure:Illuminate/Database/Migrations/Migrator::runUp():253}()
#12 D:/Projects/Zoddy/vendor/laravel/framework/src/Illuminate/Database/Migrations/Migrator.php(814): Illuminate/Console/View/Components/Task->render('2026_05_06_1705...', Object(Closure))
#13 D:/Projects/Zoddy/vendor/laravel/framework/src/Illuminate/Database/Migrations/Migrator.php(253): Illuminate/Database/Migrations/Migrator->write('Illuminate//Cons...', '2026_05_06_1705...', Object(Closure))
#14 D:/Projects/Zoddy/vendor/laravel/framework/src/Illuminate/Database/Migrations/Migrator.php(211): Illuminate/Database/Migrations/Migrator->runUp('D://Projects//Zod...', 2, false)
#15 D:/Projects/Zoddy/vendor/laravel/framework/src/Illuminate/Database/Migrations/Migrator.php(138): Illuminate/Database/Migrations/Migrator->runPending(Array, Array)
#16 D:/Projects/Zoddy/vendor/laravel/framework/src/Illuminate/Database/Console/Migrations/MigrateCommand.php(116): Illuminate/Database/Migrations/Migrator->run(Array, Array)
#17 D:/Projects/Zoddy/vendor/laravel/framework/src/Illuminate/Database/Migrations/Migrator.php(671): Illuminate/Database/Console/Migrations/MigrateCommand->{closure:Illuminate/Database/Console/Migrations/MigrateCommand::runMigrations():109}()
#18 D:/Projects/Zoddy/vendor/laravel/framework/src/Illuminate/Database/Console/Migrations/MigrateCommand.php(109): Illuminate/Database/Migrations/Migrator->usingConnection(NULL, Object(Closure))
#19 D:/Projects/Zoddy/vendor/laravel/framework/src/Illuminate/Database/Console/Migrations/MigrateCommand.php(88): Illuminate/Database/Console/Migrations/MigrateCommand->runMigrations()
#20 D:/Projects/Zoddy/vendor/laravel/framework/src/Illuminate/Container/BoundMethod.php(36): Illuminate/Database/Console/Migrations/MigrateCommand->handle()
#21 D:/Projects/Zoddy/vendor/laravel/framework/src/Illuminate/Container/Util.php(43): Illuminate/Container/BoundMethod::{closure:Illuminate/Container/BoundMethod::call():35}()
#22 D:/Projects/Zoddy/vendor/laravel/framework/src/Illuminate/Container/BoundMethod.php(96): Illuminate/Container/Util::unwrapIfClosure(Object(Closure))
#23 D:/Projects/Zoddy/vendor/laravel/framework/src/Illuminate/Container/BoundMethod.php(35): Illuminate/Container/BoundMethod::callBoundMethod(Object(Illuminate/Foundation/Application), Array, Object(Closure))
#24 D:/Projects/Zoddy/vendor/laravel/framework/src/Illuminate/Container/Container.php(799): Illuminate/Container/BoundMethod::call(Object(Illuminate/Foundation/Application), Array, Array, NULL)
#25 D:/Projects/Zoddy/vendor/laravel/framework/src/Illuminate/Console/Command.php(211): Illuminate/Container/Container->call(Array)
#26 D:/Projects/Zoddy/vendor/symfony/console/Command/Command.php(341): Illuminate/Console/Command->execute(Object(Symfony/Component/Console/Input/ArgvInput), Object(Illuminate/Console/OutputStyle))
#27 D:/Projects/Zoddy/vendor/laravel/framework/src/Illuminate/Console/Command.php(180): Symfony/Component/Console/Command/Command->run(Object(Symfony/Component/Console/Input/ArgvInput), Object(Illuminate/Console/OutputStyle))
#28 D:/Projects/Zoddy/vendor/symfony/console/Application.php(1117): Illuminate/Console/Command->run(Object(Symfony/Component/Console/Input/ArgvInput), Object(Symfony/Component/Console/Output/ConsoleOutput))
#29 D:/Projects/Zoddy/vendor/symfony/console/Application.php(356): Symfony/Component/Console/Application->doRunCommand(Object(Illuminate/Database/Console/Migrations/MigrateCommand), Object(Symfony/Component/Console/Input/ArgvInput), Object(Symfony/Component/Console/Output/ConsoleOutput))
#30 D:/Projects/Zoddy/vendor/symfony/console/Application.php(195): Symfony/Component/Console/Application->doRun(Object(Symfony/Component/Console/Input/ArgvInput), Object(Symfony/Component/Console/Output/ConsoleOutput))
#31 D:/Projects/Zoddy/vendor/laravel/framework/src/Illuminate/Foundation/Console/Kernel.php(198): Symfony/Component/Console/Application->run(Object(Symfony/Component/Console/Input/ArgvInput), Object(Symfony/Component/Console/Output/ConsoleOutput))
#32 D:/Projects/Zoddy/vendor/laravel/framework/src/Illuminate/Foundation/Application.php(1235): Illuminate/Foundation/Console/Kernel->handle(Object(Symfony/Component/Console/Input/ArgvInput), Object(Symfony/Component/Console/Output/ConsoleOutput))
#33 D:/Projects/Zoddy/artisan(16): Illuminate/Foundation/Application->handleCommand(Object(Symfony/Component/Console/Input/ArgvInput))
#34 {main}

[previous exception] [object] (PDOException(code: HY000): SQLSTATE[HY000]: General error: 1 table \"product_variants\" already exists at D:/Projects/Zoddy/vendor/laravel/framework/src/Illuminate/Database/Connection.php:578)
[stacktrace]
#0 D:/Projects/Zoddy/vendor/laravel/framework/src/Illuminate/Database/Connection.php(578): PDO->prepare('create table \"p...')
#1 D:/Projects/Zoddy/vendor/laravel/framework/src/Illuminate/Database/Connection.php(827): Illuminate/Database/Connection->{closure:Illuminate/Database/Connection::statement():573}('create table \"p...', Array)
#2 D:/Projects/Zoddy/vendor/laravel/framework/src/Illuminate/Database/Connection.php(794): Illuminate/Database/Connection->runQueryCallback('create table \"p...', Array, Object(Closure))
#3 D:/Projects/Zoddy/vendor/laravel/framework/src/Illuminate/Database/Connection.php(573): Illuminate/Database/Connection->run('create table \"p...', Array, Object(Closure))
#4 D:/Projects/Zoddy/vendor/laravel/framework/src/Illuminate/Database/Schema/Blueprint.php(121): Illuminate/Database/Connection->statement('create table \"p...')
#5 D:/Projects/Zoddy/vendor/laravel/framework/src/Illuminate/Database/Schema/Builder.php(686): Illuminate/Database/Schema/Blueprint->build()
#6 D:/Projects/Zoddy/vendor/laravel/framework/src/Illuminate/Database/Schema/Builder.php(506): Illuminate/Database/Schema/Builder->build(Object(Illuminate/Database/Schema/Blueprint))
#7 D:/Projects/Zoddy/vendor/laravel/framework/src/Illuminate/Support/Facades/Facade.php(363): Illuminate/Database/Schema/Builder->create('product_variant...', Object(Closure))
#8 D:/Projects/Zoddy/database/migrations/2026_05_06_170504_create_product_variants_table.php(14): Illuminate/Support/Facades/Facade::__callStatic('create', Array)
#9 D:/Projects/Zoddy/vendor/laravel/framework/src/Illuminate/Database/Migrations/Migrator.php(517): Illuminate/Database/Migrations/Migration@anonymous->up()
#10 D:/Projects/Zoddy/vendor/laravel/framework/src/Illuminate/Database/Migrations/Migrator.php(442): Illuminate/Database/Migrations/Migrator->runMethod(Object(Illuminate/Database/SQLiteConnection), Object(Illuminate/Database/Migrations/Migration@anonymous), 'up')
#11 D:/Projects/Zoddy/vendor/laravel/framework/src/Illuminate/Database/Migrations/Migrator.php(451): Illuminate/Database/Migrations/Migrator->{closure:Illuminate/Database/Migrations/Migrator::runMigration():438}()
#12 D:/Projects/Zoddy/vendor/laravel/framework/src/Illuminate/Database/Migrations/Migrator.php(253): Illuminate/Database/Migrations/Migrator->runMigration(Object(Illuminate/Database/Migrations/Migration@anonymous), 'up')
#13 D:/Projects/Zoddy/vendor/laravel/framework/src/Illuminate/Console/View/Components/Task.php(41): Illuminate/Database/Migrations/Migrator->{closure:Illuminate/Database/Migrations/Migrator::runUp():253}()
#14 D:/Projects/Zoddy/vendor/laravel/framework/src/Illuminate/Database/Migrations/Migrator.php(814): Illuminate/Console/View/Components/Task->render('2026_05_06_1705...', Object(Closure))
#15 D:/Projects/Zoddy/vendor/laravel/framework/src/Illuminate/Database/Migrations/Migrator.php(253): Illuminate/Database/Migrations/Migrator->write('Illuminate//Cons...', '2026_05_06_1705...', Object(Closure))
#16 D:/Projects/Zoddy/vendor/laravel/framework/src/Illuminate/Database/Migrations/Migrator.php(211): Illuminate/Database/Migrations/Migrator->runUp('D://Projects//Zod...', 2, false)
#17 D:/Projects/Zoddy/vendor/laravel/framework/src/Illuminate/Database/Migrations/Migrator.php(138): Illuminate/Database/Migrations/Migrator->runPending(Array, Array)
#18 D:/Projects/Zoddy/vendor/laravel/framework/src/Illuminate/Database/Console/Migrations/MigrateCommand.php(116): Illuminate/Database/Migrations/Migrator->run(Array, Array)
#19 D:/Projects/Zoddy/vendor/laravel/framework/src/Illuminate/Database/Migrations/Migrator.php(671): Illuminate/Database/Console/Migrations/MigrateCommand->{closure:Illuminate/Database/Console/Migrations/MigrateCommand::runMigrations():109}()
#20 D:/Projects/Zoddy/vendor/laravel/framework/src/Illuminate/Database/Console/Migrations/MigrateCommand.php(109): Illuminate/Database/Migrations/Migrator->usingConnection(NULL, Object(Closure))
#21 D:/Projects/Zoddy/vendor/laravel/framework/src/Illuminate/Database/Console/Migrations/MigrateCommand.php(88): Illuminate/Database/Console/Migrations/MigrateCommand->runMigrations()
#22 D:/Projects/Zoddy/vendor/laravel/framework/src/Illuminate/Container/BoundMethod.php(36): Illuminate/Database/Console/Migrations/MigrateCommand->handle()
#23 D:/Projects/Zoddy/vendor/laravel/framework/src/Illuminate/Container/Util.php(43): Illuminate/Container/BoundMethod::{closure:Illuminate/Container/BoundMethod::call():35}()
#24 D:/Projects/Zoddy/vendor/laravel/framework/src/Illuminate/Container/BoundMethod.php(96): Illuminate/Container/Util::unwrapIfClosure(Object(Closure))
#25 D:/Projects/Zoddy/vendor/laravel/framework/src/Illuminate/Container/BoundMethod.php(35): Illuminate/Container/BoundMethod::callBoundMethod(Object(Illuminate/Foundation/Application), Array, Object(Closure))
#26 D:/Projects/Zoddy/vendor/laravel/framework/src/Illuminate/Container/Container.php(799): Illuminate/Container/BoundMethod::call(Object(Illuminate/Foundation/Application), Array, Array, NULL)
#27 D:/Projects/Zoddy/vendor/laravel/framework/src/Illuminate/Console/Command.php(211): Illuminate/Container/Container->call(Array)
#28 D:/Projects/Zoddy/vendor/symfony/console/Command/Command.php(341): Illuminate/Console/Command->execute(Object(Symfony/Component/Console/Input/ArgvInput), Object(Illuminate/Console/OutputStyle))
#29 D:/Projects/Zoddy/vendor/laravel/framework/src/Illuminate/Console/Command.php(180): Symfony/Component/Console/Command/Command->run(Object(Symfony/Component/Console/Input/ArgvInput), Object(Illuminate/Console/OutputStyle))
#30 D:/Projects/Zoddy/vendor/symfony/console/Application.php(1117): Illuminate/Console/Command->run(Object(Symfony/Component/Console/Input/ArgvInput), Object(Symfony/Component/Console/Output/ConsoleOutput))
#31 D:/Projects/Zoddy/vendor/symfony/console/Application.php(356): Symfony/Component/Console/Application->doRunCommand(Object(Illuminate/Database/Console/Migrations/MigrateCommand), Object(Symfony/Component/Console/Input/ArgvInput), Object(Symfony/Component/Console/Output/ConsoleOutput))
#32 D:/Projects/Zoddy/vendor/symfony/console/Application.php(195): Symfony/Component/Console/Application->doRun(Object(Symfony/Component/Console/Input/ArgvInput), Object(Symfony/Component/Console/Output/ConsoleOutput))
#33 D:/Projects/Zoddy/vendor/laravel/framework/src/Illuminate/Foundation/Console/Kernel.php(198): Symfony/Component/Console/Application->run(Object(Symfony/Component/Console/Input/ArgvInput), Object(Symfony/Component/Console/Output/ConsoleOutput))
#34 D:/Projects/Zoddy/vendor/laravel/framework/src/Illuminate/Foundation/Application.php(1235): Illuminate/Foundation/Console/Kernel->handle(Object(Symfony/Component/Console/Input/ArgvInput), Object(Symfony/Component/Console/Output/ConsoleOutput))
#35 D:/Projects/Zoddy/artisan(16): Illuminate/Foundation/Application->handleCommand(Object(Symfony/Component/Console/Input/ArgvInput))
#36 {main}
"} 
[2026-05-06 17:06:51] production.ERROR: SQLSTATE[HY000]: General error: 1 table "customer_addresses" already exists (Connection: sqlite, Database: D:\Projects\Zoddy\database\database.sqlite, SQL: create table "customer_addresses" ("id" integer primary key autoincrement not null, "customer_id" varchar not null, "label" varchar not null default 'Home', "address_line1" varchar not null, "address_line2" varchar, "district" varchar not null, "upazila" varchar, "landmark" varchar, "is_default" tinyint(1) not null default '0', "created_at" datetime, "updated_at" datetime, foreign key("customer_id") references "customers"("id") on delete cascade)) {"exception":"[object] (Illuminate\\Database\\QueryException(code: HY000): SQLSTATE[HY000]: General error: 1 table \"customer_addresses\" already exists (Connection: sqlite, Database: D:\\Projects\\Zoddy\\database\\database.sqlite, SQL: create table \"customer_addresses\" (\"id\" integer primary key autoincrement not null, \"customer_id\" varchar not null, \"label\" varchar not null default 'Home', \"address_line1\" varchar not null, \"address_line2\" varchar, \"district\" varchar not null, \"upazila\" varchar, \"landmark\" varchar, \"is_default\" tinyint(1) not null default '0', \"created_at\" datetime, \"updated_at\" datetime, foreign key(\"customer_id\") references \"customers\"(\"id\") on delete cascade)) at D:/Projects/Zoddy/vendor/laravel/framework/src/Illuminate/Database/Connection.php:838)
[stacktrace]
#0 D:/Projects/Zoddy/vendor/laravel/framework/src/Illuminate/Database/Connection.php(794): Illuminate/Database/Connection->runQueryCallback('create table \"c...', Array, Object(Closure))
#1 D:/Projects/Zoddy/vendor/laravel/framework/src/Illuminate/Database/Connection.php(573): Illuminate/Database/Connection->run('create table \"c...', Array, Object(Closure))
#2 D:/Projects/Zoddy/vendor/laravel/framework/src/Illuminate/Database/Schema/Blueprint.php(121): Illuminate/Database/Connection->statement('create table \"c...')
#3 D:/Projects/Zoddy/vendor/laravel/framework/src/Illuminate/Database/Schema/Builder.php(686): Illuminate/Database/Schema/Blueprint->build()
#4 D:/Projects/Zoddy/vendor/laravel/framework/src/Illuminate/Database/Schema/Builder.php(506): Illuminate/Database/Schema/Builder->build(Object(Illuminate/Database/Schema/Blueprint))
#5 D:/Projects/Zoddy/vendor/laravel/framework/src/Illuminate/Support/Facades/Facade.php(363): Illuminate/Database/Schema/Builder->create('customer_addres...', Object(Closure))
#6 D:/Projects/Zoddy/database/migrations/2026_05_06_170630_create_customer_addresses_table.php(14): Illuminate/Support/Facades/Facade::__callStatic('create', Array)
#7 D:/Projects/Zoddy/vendor/laravel/framework/src/Illuminate/Database/Migrations/Migrator.php(517): Illuminate/Database/Migrations/Migration@anonymous->up()
#8 D:/Projects/Zoddy/vendor/laravel/framework/src/Illuminate/Database/Migrations/Migrator.php(442): Illuminate/Database/Migrations/Migrator->runMethod(Object(Illuminate/Database/SQLiteConnection), Object(Illuminate/Database/Migrations/Migration@anonymous), 'up')
#9 D:/Projects/Zoddy/vendor/laravel/framework/src/Illuminate/Database/Migrations/Migrator.php(451): Illuminate/Database/Migrations/Migrator->{closure:Illuminate/Database/Migrations/Migrator::runMigration():438}()
#10 D:/Projects/Zoddy/vendor/laravel/framework/src/Illuminate/Database/Migrations/Migrator.php(253): Illuminate/Database/Migrations/Migrator->runMigration(Object(Illuminate/Database/Migrations/Migration@anonymous), 'up')
#11 D:/Projects/Zoddy/vendor/laravel/framework/src/Illuminate/Console/View/Components/Task.php(41): Illuminate/Database/Migrations/Migrator->{closure:Illuminate/Database/Migrations/Migrator::runUp():253}()
#12 D:/Projects/Zoddy/vendor/laravel/framework/src/Illuminate/Database/Migrations/Migrator.php(814): Illuminate/Console/View/Components/Task->render('2026_05_06_1706...', Object(Closure))
#13 D:/Projects/Zoddy/vendor/laravel/framework/src/Illuminate/Database/Migrations/Migrator.php(253): Illuminate/Database/Migrations/Migrator->write('Illuminate//Cons...', '2026_05_06_1706...', Object(Closure))
#14 D:/Projects/Zoddy/vendor/laravel/framework/src/Illuminate/Database/Migrations/Migrator.php(211): Illuminate/Database/Migrations/Migrator->runUp('D://Projects//Zod...', 2, false)
#15 D:/Projects/Zoddy/vendor/laravel/framework/src/Illuminate/Database/Migrations/Migrator.php(138): Illuminate/Database/Migrations/Migrator->runPending(Array, Array)
#16 D:/Projects/Zoddy/vendor/laravel/framework/src/Illuminate/Database/Console/Migrations/MigrateCommand.php(116): Illuminate/Database/Migrations/Migrator->run(Array, Array)
#17 D:/Projects/Zoddy/vendor/laravel/framework/src/Illuminate/Database/Migrations/Migrator.php(671): Illuminate/Database/Console/Migrations/MigrateCommand->{closure:Illuminate/Database/Console/Migrations/MigrateCommand::runMigrations():109}()
#18 D:/Projects/Zoddy/vendor/laravel/framework/src/Illuminate/Database/Console/Migrations/MigrateCommand.php(109): Illuminate/Database/Migrations/Migrator->usingConnection(NULL, Object(Closure))
#19 D:/Projects/Zoddy/vendor/laravel/framework/src/Illuminate/Database/Console/Migrations/MigrateCommand.php(88): Illuminate/Database/Console/Migrations/MigrateCommand->runMigrations()
#20 D:/Projects/Zoddy/vendor/laravel/framework/src/Illuminate/Container/BoundMethod.php(36): Illuminate/Database/Console/Migrations/MigrateCommand->handle()
#21 D:/Projects/Zoddy/vendor/laravel/framework/src/Illuminate/Container/Util.php(43): Illuminate/Container/BoundMethod::{closure:Illuminate/Container/BoundMethod::call():35}()
#22 D:/Projects/Zoddy/vendor/laravel/framework/src/Illuminate/Container/BoundMethod.php(96): Illuminate/Container/Util::unwrapIfClosure(Object(Closure))
#23 D:/Projects/Zoddy/vendor/laravel/framework/src/Illuminate/Container/BoundMethod.php(35): Illuminate/Container/BoundMethod::callBoundMethod(Object(Illuminate/Foundation/Application), Array, Object(Closure))
#24 D:/Projects/Zoddy/vendor/laravel/framework/src/Illuminate/Container/Container.php(799): Illuminate/Container/BoundMethod::call(Object(Illuminate/Foundation/Application), Array, Array, NULL)
#25 D:/Projects/Zoddy/vendor/laravel/framework/src/Illuminate/Console/Command.php(211): Illuminate/Container/Container->call(Array)
#26 D:/Projects/Zoddy/vendor/symfony/console/Command/Command.php(341): Illuminate/Console/Command->execute(Object(Symfony/Component/Console/Input/ArgvInput), Object(Illuminate/Console/OutputStyle))
#27 D:/Projects/Zoddy/vendor/laravel/framework/src/Illuminate/Console/Command.php(180): Symfony/Component/Console/Command/Command->run(Object(Symfony/Component/Console/Input/ArgvInput), Object(Illuminate/Console/OutputStyle))
#28 D:/Projects/Zoddy/vendor/symfony/console/Application.php(1117): Illuminate/Console/Command->run(Object(Symfony/Component/Console/Input/ArgvInput), Object(Symfony/Component/Console/Output/ConsoleOutput))
#29 D:/Projects/Zoddy/vendor/symfony/console/Application.php(356): Symfony/Component/Console/Application->doRunCommand(Object(Illuminate/Database/Console/Migrations/MigrateCommand), Object(Symfony/Component/Console/Input/ArgvInput), Object(Symfony/Component/Console/Output/ConsoleOutput))
#30 D:/Projects/Zoddy/vendor/symfony/console/Application.php(195): Symfony/Component/Console/Application->doRun(Object(Symfony/Component/Console/Input/ArgvInput), Object(Symfony/Component/Console/Output/ConsoleOutput))
#31 D:/Projects/Zoddy/vendor/laravel/framework/src/Illuminate/Foundation/Console/Kernel.php(198): Symfony/Component/Console/Application->run(Object(Symfony/Component/Console/Input/ArgvInput), Object(Symfony/Component/Console/Output/ConsoleOutput))
#32 D:/Projects/Zoddy/vendor/laravel/framework/src/Illuminate/Foundation/Application.php(1235): Illuminate/Foundation/Console/Kernel->handle(Object(Symfony/Component/Console/Input/ArgvInput), Object(Symfony/Component/Console/Output/ConsoleOutput))
#33 D:/Projects/Zoddy/artisan(16): Illuminate/Foundation/Application->handleCommand(Object(Symfony/Component/Console/Input/ArgvInput))
#34 {main}

[previous exception] [object] (PDOException(code: HY000): SQLSTATE[HY000]: General error: 1 table \"customer_addresses\" already exists at D:/Projects/Zoddy/vendor/laravel/framework/src/Illuminate/Database/Connection.php:578)
[stacktrace]
#0 D:/Projects/Zoddy/vendor/laravel/framework/src/Illuminate/Database/Connection.php(578): PDO->prepare('create table \"c...')
#1 D:/Projects/Zoddy/vendor/laravel/framework/src/Illuminate/Database/Connection.php(827): Illuminate/Database/Connection->{closure:Illuminate/Database/Connection::statement():573}('create table \"c...', Array)
#2 D:/Projects/Zoddy/vendor/laravel/framework/src/Illuminate/Database/Connection.php(794): Illuminate/Database/Connection->runQueryCallback('create table \"c...', Array, Object(Closure))
#3 D:/Projects/Zoddy/vendor/laravel/framework/src/Illuminate/Database/Connection.php(573): Illuminate/Database/Connection->run('create table \"c...', Array, Object(Closure))
#4 D:/Projects/Zoddy/vendor/laravel/framework/src/Illuminate/Database/Schema/Blueprint.php(121): Illuminate/Database/Connection->statement('create table \"c...')
#5 D:/Projects/Zoddy/vendor/laravel/framework/src/Illuminate/Database/Schema/Builder.php(686): Illuminate/Database/Schema/Blueprint->build()
#6 D:/Projects/Zoddy/vendor/laravel/framework/src/Illuminate/Database/Schema/Builder.php(506): Illuminate/Database/Schema/Builder->build(Object(Illuminate/Database/Schema/Blueprint))
#7 D:/Projects/Zoddy/vendor/laravel/framework/src/Illuminate/Support/Facades/Facade.php(363): Illuminate/Database/Schema/Builder->create('customer_addres...', Object(Closure))
#8 D:/Projects/Zoddy/database/migrations/2026_05_06_170630_create_customer_addresses_table.php(14): Illuminate/Support/Facades/Facade::__callStatic('create', Array)
#9 D:/Projects/Zoddy/vendor/laravel/framework/src/Illuminate/Database/Migrations/Migrator.php(517): Illuminate/Database/Migrations/Migration@anonymous->up()
#10 D:/Projects/Zoddy/vendor/laravel/framework/src/Illuminate/Database/Migrations/Migrator.php(442): Illuminate/Database/Migrations/Migrator->runMethod(Object(Illuminate/Database/SQLiteConnection), Object(Illuminate/Database/Migrations/Migration@anonymous), 'up')
#11 D:/Projects/Zoddy/vendor/laravel/framework/src/Illuminate/Database/Migrations/Migrator.php(451): Illuminate/Database/Migrations/Migrator->{closure:Illuminate/Database/Migrations/Migrator::runMigration():438}()
#12 D:/Projects/Zoddy/vendor/laravel/framework/src/Illuminate/Database/Migrations/Migrator.php(253): Illuminate/Database/Migrations/Migrator->runMigration(Object(Illuminate/Database/Migrations/Migration@anonymous), 'up')
#13 D:/Projects/Zoddy/vendor/laravel/framework/src/Illuminate/Console/View/Components/Task.php(41): Illuminate/Database/Migrations/Migrator->{closure:Illuminate/Database/Migrations/Migrator::runUp():253}()
#14 D:/Projects/Zoddy/vendor/laravel/framework/src/Illuminate/Database/Migrations/Migrator.php(814): Illuminate/Console/View/Components/Task->render('2026_05_06_1706...', Object(Closure))
#15 D:/Projects/Zoddy/vendor/laravel/framework/src/Illuminate/Database/Migrations/Migrator.php(253): Illuminate/Database/Migrations/Migrator->write('Illuminate//Cons...', '2026_05_06_1706...', Object(Closure))
#16 D:/Projects/Zoddy/vendor/laravel/framework/src/Illuminate/Database/Migrations/Migrator.php(211): Illuminate/Database/Migrations/Migrator->runUp('D://Projects//Zod...', 2, false)
#17 D:/Projects/Zoddy/vendor/laravel/framework/src/Illuminate/Database/Migrations/Migrator.php(138): Illuminate/Database/Migrations/Migrator->runPending(Array, Array)
#18 D:/Projects/Zoddy/vendor/laravel/framework/src/Illuminate/Database/Console/Migrations/MigrateCommand.php(116): Illuminate/Database/Migrations/Migrator->run(Array, Array)
#19 D:/Projects/Zoddy/vendor/laravel/framework/src/Illuminate/Database/Migrations/Migrator.php(671): Illuminate/Database/Console/Migrations/MigrateCommand->{closure:Illuminate/Database/Console/Migrations/MigrateCommand::runMigrations():109}()
#20 D:/Projects/Zoddy/vendor/laravel/framework/src/Illuminate/Database/Console/Migrations/MigrateCommand.php(109): Illuminate/Database/Migrations/Migrator->usingConnection(NULL, Object(Closure))
#21 D:/Projects/Zoddy/vendor/laravel/framework/src/Illuminate/Database/Console/Migrations/MigrateCommand.php(88): Illuminate/Database/Console/Migrations/MigrateCommand->runMigrations()
#22 D:/Projects/Zoddy/vendor/laravel/framework/src/Illuminate/Container/BoundMethod.php(36): Illuminate/Database/Console/Migrations/MigrateCommand->handle()
#23 D:/Projects/Zoddy/vendor/laravel/framework/src/Illuminate/Container/Util.php(43): Illuminate/Container/BoundMethod::{closure:Illuminate/Container/BoundMethod::call():35}()
#24 D:/Projects/Zoddy/vendor/laravel/framework/src/Illuminate/Container/BoundMethod.php(96): Illuminate/Container/Util::unwrapIfClosure(Object(Closure))
#25 D:/Projects/Zoddy/vendor/laravel/framework/src/Illuminate/Container/BoundMethod.php(35): Illuminate/Container/BoundMethod::callBoundMethod(Object(Illuminate/Foundation/Application), Array, Object(Closure))
#26 D:/Projects/Zoddy/vendor/laravel/framework/src/Illuminate/Container/Container.php(799): Illuminate/Container/BoundMethod::call(Object(Illuminate/Foundation/Application), Array, Array, NULL)
#27 D:/Projects/Zoddy/vendor/laravel/framework/src/Illuminate/Console/Command.php(211): Illuminate/Container/Container->call(Array)
#28 D:/Projects/Zoddy/vendor/symfony/console/Command/Command.php(341): Illuminate/Console/Command->execute(Object(Symfony/Component/Console/Input/ArgvInput), Object(Illuminate/Console/OutputStyle))
#29 D:/Projects/Zoddy/vendor/laravel/framework/src/Illuminate/Console/Command.php(180): Symfony/Component/Console/Command/Command->run(Object(Symfony/Component/Console/Input/ArgvInput), Object(Illuminate/Console/OutputStyle))
#30 D:/Projects/Zoddy/vendor/symfony/console/Application.php(1117): Illuminate/Console/Command->run(Object(Symfony/Component/Console/Input/ArgvInput), Object(Symfony/Component/Console/Output/ConsoleOutput))
#31 D:/Projects/Zoddy/vendor/symfony/console/Application.php(356): Symfony/Component/Console/Application->doRunCommand(Object(Illuminate/Database/Console/Migrations/MigrateCommand), Object(Symfony/Component/Console/Input/ArgvInput), Object(Symfony/Component/Console/Output/ConsoleOutput))
#32 D:/Projects/Zoddy/vendor/symfony/console/Application.php(195): Symfony/Component/Console/Application->doRun(Object(Symfony/Component/Console/Input/ArgvInput), Object(Symfony/Component/Console/Output/ConsoleOutput))
#33 D:/Projects/Zoddy/vendor/laravel/framework/src/Illuminate/Foundation/Console/Kernel.php(198): Symfony/Component/Console/Application->run(Object(Symfony/Component/Console/Input/ArgvInput), Object(Symfony/Component/Console/Output/ConsoleOutput))
#34 D:/Projects/Zoddy/vendor/laravel/framework/src/Illuminate/Foundation/Application.php(1235): Illuminate/Foundation/Console/Kernel->handle(Object(Symfony/Component/Console/Input/ArgvInput), Object(Symfony/Component/Console/Output/ConsoleOutput))
#35 D:/Projects/Zoddy/artisan(16): Illuminate/Foundation/Application->handleCommand(Object(Symfony/Component/Console/Input/ArgvInput))
#36 {main}
"} 
[2026-05-06 17:06:56] production.ERROR: SQLSTATE[HY000]: General error: 1 table "customer_addresses" already exists (Connection: sqlite, Database: D:\Projects\Zoddy\database\database.sqlite, SQL: create table "customer_addresses" ("id" integer primary key autoincrement not null, "customer_id" varchar not null, "label" varchar not null default 'Home', "address_line1" varchar not null, "address_line2" varchar, "district" varchar not null, "upazila" varchar, "landmark" varchar, "is_default" tinyint(1) not null default '0', "created_at" datetime, "updated_at" datetime, foreign key("customer_id") references "customers"("id") on delete cascade)) {"exception":"[object] (Illuminate\\Database\\QueryException(code: HY000): SQLSTATE[HY000]: General error: 1 table \"customer_addresses\" already exists (Connection: sqlite, Database: D:\\Projects\\Zoddy\\database\\database.sqlite, SQL: create table \"customer_addresses\" (\"id\" integer primary key autoincrement not null, \"customer_id\" varchar not null, \"label\" varchar not null default 'Home', \"address_line1\" varchar not null, \"address_line2\" varchar, \"district\" varchar not null, \"upazila\" varchar, \"landmark\" varchar, \"is_default\" tinyint(1) not null default '0', \"created_at\" datetime, \"updated_at\" datetime, foreign key(\"customer_id\") references \"customers\"(\"id\") on delete cascade)) at D:/Projects/Zoddy/vendor/laravel/framework/src/Illuminate/Database/Connection.php:838)
[stacktrace]
#0 D:/Projects/Zoddy/vendor/laravel/framework/src/Illuminate/Database/Connection.php(794): Illuminate/Database/Connection->runQueryCallback('create table \"c...', Array, Object(Closure))
#1 D:/Projects/Zoddy/vendor/laravel/framework/src/Illuminate/Database/Connection.php(573): Illuminate/Database/Connection->run('create table \"c...', Array, Object(Closure))
#2 D:/Projects/Zoddy/vendor/laravel/framework/src/Illuminate/Database/Schema/Blueprint.php(121): Illuminate/Database/Connection->statement('create table \"c...')
#3 D:/Projects/Zoddy/vendor/laravel/framework/src/Illuminate/Database/Schema/Builder.php(686): Illuminate/Database/Schema/Blueprint->build()
#4 D:/Projects/Zoddy/vendor/laravel/framework/src/Illuminate/Database/Schema/Builder.php(506): Illuminate/Database/Schema/Builder->build(Object(Illuminate/Database/Schema/Blueprint))
#5 D:/Projects/Zoddy/vendor/laravel/framework/src/Illuminate/Support/Facades/Facade.php(363): Illuminate/Database/Schema/Builder->create('customer_addres...', Object(Closure))
#6 D:/Projects/Zoddy/database/migrations/2026_05_06_170630_create_customer_addresses_table.php(14): Illuminate/Support/Facades/Facade::__callStatic('create', Array)
#7 D:/Projects/Zoddy/vendor/laravel/framework/src/Illuminate/Database/Migrations/Migrator.php(517): Illuminate/Database/Migrations/Migration@anonymous->up()
#8 D:/Projects/Zoddy/vendor/laravel/framework/src/Illuminate/Database/Migrations/Migrator.php(442): Illuminate/Database/Migrations/Migrator->runMethod(Object(Illuminate/Database/SQLiteConnection), Object(Illuminate/Database/Migrations/Migration@anonymous), 'up')
#9 D:/Projects/Zoddy/vendor/laravel/framework/src/Illuminate/Database/Migrations/Migrator.php(451): Illuminate/Database/Migrations/Migrator->{closure:Illuminate/Database/Migrations/Migrator::runMigration():438}()
#10 D:/Projects/Zoddy/vendor/laravel/framework/src/Illuminate/Database/Migrations/Migrator.php(253): Illuminate/Database/Migrations/Migrator->runMigration(Object(Illuminate/Database/Migrations/Migration@anonymous), 'up')
#11 D:/Projects/Zoddy/vendor/laravel/framework/src/Illuminate/Console/View/Components/Task.php(41): Illuminate/Database/Migrations/Migrator->{closure:Illuminate/Database/Migrations/Migrator::runUp():253}()
#12 D:/Projects/Zoddy/vendor/laravel/framework/src/Illuminate/Database/Migrations/Migrator.php(814): Illuminate/Console/View/Components/Task->render('2026_05_06_1706...', Object(Closure))
#13 D:/Projects/Zoddy/vendor/laravel/framework/src/Illuminate/Database/Migrations/Migrator.php(253): Illuminate/Database/Migrations/Migrator->write('Illuminate//Cons...', '2026_05_06_1706...', Object(Closure))
#14 D:/Projects/Zoddy/vendor/laravel/framework/src/Illuminate/Database/Migrations/Migrator.php(211): Illuminate/Database/Migrations/Migrator->runUp('D://Projects//Zod...', 1, false)
#15 D:/Projects/Zoddy/vendor/laravel/framework/src/Illuminate/Database/Migrations/Migrator.php(138): Illuminate/Database/Migrations/Migrator->runPending(Array, Array)
#16 D:/Projects/Zoddy/vendor/laravel/framework/src/Illuminate/Database/Console/Migrations/MigrateCommand.php(116): Illuminate/Database/Migrations/Migrator->run(Array, Array)
#17 D:/Projects/Zoddy/vendor/laravel/framework/src/Illuminate/Database/Migrations/Migrator.php(671): Illuminate/Database/Console/Migrations/MigrateCommand->{closure:Illuminate/Database/Console/Migrations/MigrateCommand::runMigrations():109}()
#18 D:/Projects/Zoddy/vendor/laravel/framework/src/Illuminate/Database/Console/Migrations/MigrateCommand.php(109): Illuminate/Database/Migrations/Migrator->usingConnection(NULL, Object(Closure))
#19 D:/Projects/Zoddy/vendor/laravel/framework/src/Illuminate/Database/Console/Migrations/MigrateCommand.php(88): Illuminate/Database/Console/Migrations/MigrateCommand->runMigrations()
#20 D:/Projects/Zoddy/vendor/laravel/framework/src/Illuminate/Container/BoundMethod.php(36): Illuminate/Database/Console/Migrations/MigrateCommand->handle()
#21 D:/Projects/Zoddy/vendor/laravel/framework/src/Illuminate/Container/Util.php(43): Illuminate/Container/BoundMethod::{closure:Illuminate/Container/BoundMethod::call():35}()
#22 D:/Projects/Zoddy/vendor/laravel/framework/src/Illuminate/Container/BoundMethod.php(96): Illuminate/Container/Util::unwrapIfClosure(Object(Closure))
#23 D:/Projects/Zoddy/vendor/laravel/framework/src/Illuminate/Container/BoundMethod.php(35): Illuminate/Container/BoundMethod::callBoundMethod(Object(Illuminate/Foundation/Application), Array, Object(Closure))
#24 D:/Projects/Zoddy/vendor/laravel/framework/src/Illuminate/Container/Container.php(799): Illuminate/Container/BoundMethod::call(Object(Illuminate/Foundation/Application), Array, Array, NULL)
#25 D:/Projects/Zoddy/vendor/laravel/framework/src/Illuminate/Console/Command.php(211): Illuminate/Container/Container->call(Array)
#26 D:/Projects/Zoddy/vendor/symfony/console/Command/Command.php(341): Illuminate/Console/Command->execute(Object(Symfony/Component/Console/Input/ArrayInput), Object(Illuminate/Console/OutputStyle))
#27 D:/Projects/Zoddy/vendor/laravel/framework/src/Illuminate/Console/Command.php(180): Symfony/Component/Console/Command/Command->run(Object(Symfony/Component/Console/Input/ArrayInput), Object(Illuminate/Console/OutputStyle))
#28 D:/Projects/Zoddy/vendor/laravel/framework/src/Illuminate/Console/Concerns/CallsCommands.php(68): Illuminate/Console/Command->run(Object(Symfony/Component/Console/Input/ArrayInput), Object(Illuminate/Console/OutputStyle))
#29 D:/Projects/Zoddy/vendor/laravel/framework/src/Illuminate/Console/Concerns/CallsCommands.php(29): Illuminate/Console/Command->runCommand('migrate', Array, Object(Illuminate/Console/OutputStyle))
#30 D:/Projects/Zoddy/vendor/laravel/framework/src/Illuminate/Database/Console/Migrations/FreshCommand.php(88): Illuminate/Console/Command->call('migrate', Array)
#31 D:/Projects/Zoddy/vendor/laravel/framework/src/Illuminate/Container/BoundMethod.php(36): Illuminate/Database/Console/Migrations/FreshCommand->handle()
#32 D:/Projects/Zoddy/vendor/laravel/framework/src/Illuminate/Container/Util.php(43): Illuminate/Container/BoundMethod::{closure:Illuminate/Container/BoundMethod::call():35}()
#33 D:/Projects/Zoddy/vendor/laravel/framework/src/Illuminate/Container/BoundMethod.php(96): Illuminate/Container/Util::unwrapIfClosure(Object(Closure))
#34 D:/Projects/Zoddy/vendor/laravel/framework/src/Illuminate/Container/BoundMethod.php(35): Illuminate/Container/BoundMethod::callBoundMethod(Object(Illuminate/Foundation/Application), Array, Object(Closure))
#35 D:/Projects/Zoddy/vendor/laravel/framework/src/Illuminate/Container/Container.php(799): Illuminate/Container/BoundMethod::call(Object(Illuminate/Foundation/Application), Array, Array, NULL)
#36 D:/Projects/Zoddy/vendor/laravel/framework/src/Illuminate/Console/Command.php(211): Illuminate/Container/Container->call(Array)
#37 D:/Projects/Zoddy/vendor/symfony/console/Command/Command.php(341): Illuminate/Console/Command->execute(Object(Symfony/Component/Console/Input/ArgvInput), Object(Illuminate/Console/OutputStyle))
#38 D:/Projects/Zoddy/vendor/laravel/framework/src/Illuminate/Console/Command.php(180): Symfony/Component/Console/Command/Command->run(Object(Symfony/Component/Console/Input/ArgvInput), Object(Illuminate/Console/OutputStyle))
#39 D:/Projects/Zoddy/vendor/symfony/console/Application.php(1117): Illuminate/Console/Command->run(Object(Symfony/Component/Console/Input/ArgvInput), Object(Symfony/Component/Console/Output/ConsoleOutput))
#40 D:/Projects/Zoddy/vendor/symfony/console/Application.php(356): Symfony/Component/Console/Application->doRunCommand(Object(Illuminate/Database/Console/Migrations/FreshCommand), Object(Symfony/Component/Console/Input/ArgvInput), Object(Symfony/Component/Console/Output/ConsoleOutput))
#41 D:/Projects/Zoddy/vendor/symfony/console/Application.php(195): Symfony/Component/Console/Application->doRun(Object(Symfony/Component/Console/Input/ArgvInput), Object(Symfony/Component/Console/Output/ConsoleOutput))
#42 D:/Projects/Zoddy/vendor/laravel/framework/src/Illuminate/Foundation/Console/Kernel.php(198): Symfony/Component/Console/Application->run(Object(Symfony/Component/Console/Input/ArgvInput), Object(Symfony/Component/Console/Output/ConsoleOutput))
#43 D:/Projects/Zoddy/vendor/laravel/framework/src/Illuminate/Foundation/Application.php(1235): Illuminate/Foundation/Console/Kernel->handle(Object(Symfony/Component/Console/Input/ArgvInput), Object(Symfony/Component/Console/Output/ConsoleOutput))
#44 D:/Projects/Zoddy/artisan(16): Illuminate/Foundation/Application->handleCommand(Object(Symfony/Component/Console/Input/ArgvInput))
#45 {main}

[previous exception] [object] (PDOException(code: HY000): SQLSTATE[HY000]: General error: 1 table \"customer_addresses\" already exists at D:/Projects/Zoddy/vendor/laravel/framework/src/Illuminate/Database/Connection.php:578)
[stacktrace]
#0 D:/Projects/Zoddy/vendor/laravel/framework/src/Illuminate/Database/Connection.php(578): PDO->prepare('create table \"c...')
#1 D:/Projects/Zoddy/vendor/laravel/framework/src/Illuminate/Database/Connection.php(827): Illuminate/Database/Connection->{closure:Illuminate/Database/Connection::statement():573}('create table \"c...', Array)
#2 D:/Projects/Zoddy/vendor/laravel/framework/src/Illuminate/Database/Connection.php(794): Illuminate/Database/Connection->runQueryCallback('create table \"c...', Array, Object(Closure))
#3 D:/Projects/Zoddy/vendor/laravel/framework/src/Illuminate/Database/Connection.php(573): Illuminate/Database/Connection->run('create table \"c...', Array, Object(Closure))
#4 D:/Projects/Zoddy/vendor/laravel/framework/src/Illuminate/Database/Schema/Blueprint.php(121): Illuminate/Database/Connection->statement('create table \"c...')
#5 D:/Projects/Zoddy/vendor/laravel/framework/src/Illuminate/Database/Schema/Builder.php(686): Illuminate/Database/Schema/Blueprint->build()
#6 D:/Projects/Zoddy/vendor/laravel/framework/src/Illuminate/Database/Schema/Builder.php(506): Illuminate/Database/Schema/Builder->build(Object(Illuminate/Database/Schema/Blueprint))
#7 D:/Projects/Zoddy/vendor/laravel/framework/src/Illuminate/Support/Facades/Facade.php(363): Illuminate/Database/Schema/Builder->create('customer_addres...', Object(Closure))
#8 D:/Projects/Zoddy/database/migrations/2026_05_06_170630_create_customer_addresses_table.php(14): Illuminate/Support/Facades/Facade::__callStatic('create', Array)
#9 D:/Projects/Zoddy/vendor/laravel/framework/src/Illuminate/Database/Migrations/Migrator.php(517): Illuminate/Database/Migrations/Migration@anonymous->up()
#10 D:/Projects/Zoddy/vendor/laravel/framework/src/Illuminate/Database/Migrations/Migrator.php(442): Illuminate/Database/Migrations/Migrator->runMethod(Object(Illuminate/Database/SQLiteConnection), Object(Illuminate/Database/Migrations/Migration@anonymous), 'up')
#11 D:/Projects/Zoddy/vendor/laravel/framework/src/Illuminate/Database/Migrations/Migrator.php(451): Illuminate/Database/Migrations/Migrator->{closure:Illuminate/Database/Migrations/Migrator::runMigration():438}()
#12 D:/Projects/Zoddy/vendor/laravel/framework/src/Illuminate/Database/Migrations/Migrator.php(253): Illuminate/Database/Migrations/Migrator->runMigration(Object(Illuminate/Database/Migrations/Migration@anonymous), 'up')
#13 D:/Projects/Zoddy/vendor/laravel/framework/src/Illuminate/Console/View/Components/Task.php(41): Illuminate/Database/Migrations/Migrator->{closure:Illuminate/Database/Migrations/Migrator::runUp():253}()
#14 D:/Projects/Zoddy/vendor/laravel/framework/src/Illuminate/Database/Migrations/Migrator.php(814): Illuminate/Console/View/Components/Task->render('2026_05_06_1706...', Object(Closure))
#15 D:/Projects/Zoddy/vendor/laravel/framework/src/Illuminate/Database/Migrations/Migrator.php(253): Illuminate/Database/Migrations/Migrator->write('Illuminate//Cons...', '2026_05_06_1706...', Object(Closure))
#16 D:/Projects/Zoddy/vendor/laravel/framework/src/Illuminate/Database/Migrations/Migrator.php(211): Illuminate/Database/Migrations/Migrator->runUp('D://Projects//Zod...', 1, false)
#17 D:/Projects/Zoddy/vendor/laravel/framework/src/Illuminate/Database/Migrations/Migrator.php(138): Illuminate/Database/Migrations/Migrator->runPending(Array, Array)
#18 D:/Projects/Zoddy/vendor/laravel/framework/src/Illuminate/Database/Console/Migrations/MigrateCommand.php(116): Illuminate/Database/Migrations/Migrator->run(Array, Array)
#19 D:/Projects/Zoddy/vendor/laravel/framework/src/Illuminate/Database/Migrations/Migrator.php(671): Illuminate/Database/Console/Migrations/MigrateCommand->{closure:Illuminate/Database/Console/Migrations/MigrateCommand::runMigrations():109}()
#20 D:/Projects/Zoddy/vendor/laravel/framework/src/Illuminate/Database/Console/Migrations/MigrateCommand.php(109): Illuminate/Database/Migrations/Migrator->usingConnection(NULL, Object(Closure))
#21 D:/Projects/Zoddy/vendor/laravel/framework/src/Illuminate/Database/Console/Migrations/MigrateCommand.php(88): Illuminate/Database/Console/Migrations/MigrateCommand->runMigrations()
#22 D:/Projects/Zoddy/vendor/laravel/framework/src/Illuminate/Container/BoundMethod.php(36): Illuminate/Database/Console/Migrations/MigrateCommand->handle()
#23 D:/Projects/Zoddy/vendor/laravel/framework/src/Illuminate/Container/Util.php(43): Illuminate/Container/BoundMethod::{closure:Illuminate/Container/BoundMethod::call():35}()
#24 D:/Projects/Zoddy/vendor/laravel/framework/src/Illuminate/Container/BoundMethod.php(96): Illuminate/Container/Util::unwrapIfClosure(Object(Closure))
#25 D:/Projects/Zoddy/vendor/laravel/framework/src/Illuminate/Container/BoundMethod.php(35): Illuminate/Container/BoundMethod::callBoundMethod(Object(Illuminate/Foundation/Application), Array, Object(Closure))
#26 D:/Projects/Zoddy/vendor/laravel/framework/src/Illuminate/Container/Container.php(799): Illuminate/Container/BoundMethod::call(Object(Illuminate/Foundation/Application), Array, Array, NULL)
#27 D:/Projects/Zoddy/vendor/laravel/framework/src/Illuminate/Console/Command.php(211): Illuminate/Container/Container->call(Array)
#28 D:/Projects/Zoddy/vendor/symfony/console/Command/Command.php(341): Illuminate/Console/Command->execute(Object(Symfony/Component/Console/Input/ArrayInput), Object(Illuminate/Console/OutputStyle))
#29 D:/Projects/Zoddy/vendor/laravel/framework/src/Illuminate/Console/Command.php(180): Symfony/Component/Console/Command/Command->run(Object(Symfony/Component/Console/Input/ArrayInput), Object(Illuminate/Console/OutputStyle))
#30 D:/Projects/Zoddy/vendor/laravel/framework/src/Illuminate/Console/Concerns/CallsCommands.php(68): Illuminate/Console/Command->run(Object(Symfony/Component/Console/Input/ArrayInput), Object(Illuminate/Console/OutputStyle))
#31 D:/Projects/Zoddy/vendor/laravel/framework/src/Illuminate/Console/Concerns/CallsCommands.php(29): Illuminate/Console/Command->runCommand('migrate', Array, Object(Illuminate/Console/OutputStyle))
#32 D:/Projects/Zoddy/vendor/laravel/framework/src/Illuminate/Database/Console/Migrations/FreshCommand.php(88): Illuminate/Console/Command->call('migrate', Array)
#33 D:/Projects/Zoddy/vendor/laravel/framework/src/Illuminate/Container/BoundMethod.php(36): Illuminate/Database/Console/Migrations/FreshCommand->handle()
#34 D:/Projects/Zoddy/vendor/laravel/framework/src/Illuminate/Container/Util.php(43): Illuminate/Container/BoundMethod::{closure:Illuminate/Container/BoundMethod::call():35}()
#35 D:/Projects/Zoddy/vendor/laravel/framework/src/Illuminate/Container/BoundMethod.php(96): Illuminate/Container/Util::unwrapIfClosure(Object(Closure))
#36 D:/Projects/Zoddy/vendor/laravel/framework/src/Illuminate/Container/BoundMethod.php(35): Illuminate/Container/BoundMethod::callBoundMethod(Object(Illuminate/Foundation/Application), Array, Object(Closure))
#37 D:/Projects/Zoddy/vendor/laravel/framework/src/Illuminate/Container/Container.php(799): Illuminate/Container/BoundMethod::call(Object(Illuminate/Foundation/Application), Array, Array, NULL)
#38 D:/Projects/Zoddy/vendor/laravel/framework/src/Illuminate/Console/Command.php(211): Illuminate/Container/Container->call(Array)
#39 D:/Projects/Zoddy/vendor/symfony/console/Command/Command.php(341): Illuminate/Console/Command->execute(Object(Symfony/Component/Console/Input/ArgvInput), Object(Illuminate/Console/OutputStyle))
#40 D:/Projects/Zoddy/vendor/laravel/framework/src/Illuminate/Console/Command.php(180): Symfony/Component/Console/Command/Command->run(Object(Symfony/Component/Console/Input/ArgvInput), Object(Illuminate/Console/OutputStyle))
#41 D:/Projects/Zoddy/vendor/symfony/console/Application.php(1117): Illuminate/Console/Command->run(Object(Symfony/Component/Console/Input/ArgvInput), Object(Symfony/Component/Console/Output/ConsoleOutput))
#42 D:/Projects/Zoddy/vendor/symfony/console/Application.php(356): Symfony/Component/Console/Application->doRunCommand(Object(Illuminate/Database/Console/Migrations/FreshCommand), Object(Symfony/Component/Console/Input/ArgvInput), Object(Symfony/Component/Console/Output/ConsoleOutput))
#43 D:/Projects/Zoddy/vendor/symfony/console/Application.php(195): Symfony/Component/Console/Application->doRun(Object(Symfony/Component/Console/Input/ArgvInput), Object(Symfony/Component/Console/Output/ConsoleOutput))
#44 D:/Projects/Zoddy/vendor/laravel/framework/src/Illuminate/Foundation/Console/Kernel.php(198): Symfony/Component/Console/Application->run(Object(Symfony/Component/Console/Input/ArgvInput), Object(Symfony/Component/Console/Output/ConsoleOutput))
#45 D:/Projects/Zoddy/vendor/laravel/framework/src/Illuminate/Foundation/Application.php(1235): Illuminate/Foundation/Console/Kernel->handle(Object(Symfony/Component/Console/Input/ArgvInput), Object(Symfony/Component/Console/Output/ConsoleOutput))
#46 D:/Projects/Zoddy/artisan(16): Illuminate/Foundation/Application->handleCommand(Object(Symfony/Component/Console/Input/ArgvInput))
#47 {main}
"} 
[2026-05-06 17:08:00] production.ERROR: Method Illuminate\Database\Schema\Blueprint::check does not exist. {"exception":"[object] (BadMethodCallException(code: 0): Method Illuminate\\Database\\Schema\\Blueprint::check does not exist. at D:/Projects/Zoddy/vendor/laravel/framework/src/Illuminate/Macroable/Traits/Macroable.php:115)
[stacktrace]
#0 D:/Projects/Zoddy/database/migrations/2026_05_06_170725_create_order_items_table.php(32): Illuminate/Database/Schema/Blueprint->__call('check', Array)
#1 D:/Projects/Zoddy/vendor/laravel/framework/src/Illuminate/Database/Schema/Builder.php(509): Illuminate/Database/Migrations/Migration@anonymous->{closure:Illuminate/Database/Migrations/Migration@anonymous(Object(Illuminate/Database/Schema/Blueprint))
#2 D:/Projects/Zoddy/vendor/laravel/framework/src/Illuminate/Support/helpers.php(393): Illuminate/Database/Schema/Builder->{closure:Illuminate/Database/Schema/Builder::create():506}(Object(Illuminate/Database/Schema/Blueprint))
#3 D:/Projects/Zoddy/vendor/laravel/framework/src/Illuminate/Database/Schema/Builder.php(506): tap(Object(Illuminate/Database/Schema/Blueprint), Object(Closure))
#4 D:/Projects/Zoddy/vendor/laravel/framework/src/Illuminate/Support/Facades/Facade.php(363): Illuminate/Database/Schema/Builder->create('order_items', Object(Closure))
#5 D:/Projects/Zoddy/database/migrations/2026_05_06_170725_create_order_items_table.php(14): Illuminate/Support/Facades/Facade::__callStatic('create', Array)
#6 D:/Projects/Zoddy/vendor/laravel/framework/src/Illuminate/Database/Migrations/Migrator.php(517): Illuminate/Database/Migrations/Migration@anonymous->up()
#7 D:/Projects/Zoddy/vendor/laravel/framework/src/Illuminate/Database/Migrations/Migrator.php(442): Illuminate/Database/Migrations/Migrator->runMethod(Object(Illuminate/Database/SQLiteConnection), Object(Illuminate/Database/Migrations/Migration@anonymous), 'up')
#8 D:/Projects/Zoddy/vendor/laravel/framework/src/Illuminate/Database/Migrations/Migrator.php(451): Illuminate/Database/Migrations/Migrator->{closure:Illuminate/Database/Migrations/Migrator::runMigration():438}()
#9 D:/Projects/Zoddy/vendor/laravel/framework/src/Illuminate/Database/Migrations/Migrator.php(253): Illuminate/Database/Migrations/Migrator->runMigration(Object(Illuminate/Database/Migrations/Migration@anonymous), 'up')
#10 D:/Projects/Zoddy/vendor/laravel/framework/src/Illuminate/Console/View/Components/Task.php(41): Illuminate/Database/Migrations/Migrator->{closure:Illuminate/Database/Migrations/Migrator::runUp():253}()
#11 D:/Projects/Zoddy/vendor/laravel/framework/src/Illuminate/Database/Migrations/Migrator.php(814): Illuminate/Console/View/Components/Task->render('2026_05_06_1707...', Object(Closure))
#12 D:/Projects/Zoddy/vendor/laravel/framework/src/Illuminate/Database/Migrations/Migrator.php(253): Illuminate/Database/Migrations/Migrator->write('Illuminate//Cons...', '2026_05_06_1707...', Object(Closure))
#13 D:/Projects/Zoddy/vendor/laravel/framework/src/Illuminate/Database/Migrations/Migrator.php(211): Illuminate/Database/Migrations/Migrator->runUp('D://Projects//Zod...', 2, false)
#14 D:/Projects/Zoddy/vendor/laravel/framework/src/Illuminate/Database/Migrations/Migrator.php(138): Illuminate/Database/Migrations/Migrator->runPending(Array, Array)
#15 D:/Projects/Zoddy/vendor/laravel/framework/src/Illuminate/Database/Console/Migrations/MigrateCommand.php(116): Illuminate/Database/Migrations/Migrator->run(Array, Array)
#16 D:/Projects/Zoddy/vendor/laravel/framework/src/Illuminate/Database/Migrations/Migrator.php(671): Illuminate/Database/Console/Migrations/MigrateCommand->{closure:Illuminate/Database/Console/Migrations/MigrateCommand::runMigrations():109}()
#17 D:/Projects/Zoddy/vendor/laravel/framework/src/Illuminate/Database/Console/Migrations/MigrateCommand.php(109): Illuminate/Database/Migrations/Migrator->usingConnection(NULL, Object(Closure))
#18 D:/Projects/Zoddy/vendor/laravel/framework/src/Illuminate/Database/Console/Migrations/MigrateCommand.php(88): Illuminate/Database/Console/Migrations/MigrateCommand->runMigrations()
#19 D:/Projects/Zoddy/vendor/laravel/framework/src/Illuminate/Container/BoundMethod.php(36): Illuminate/Database/Console/Migrations/MigrateCommand->handle()
#20 D:/Projects/Zoddy/vendor/laravel/framework/src/Illuminate/Container/Util.php(43): Illuminate/Container/BoundMethod::{closure:Illuminate/Container/BoundMethod::call():35}()
#21 D:/Projects/Zoddy/vendor/laravel/framework/src/Illuminate/Container/BoundMethod.php(96): Illuminate/Container/Util::unwrapIfClosure(Object(Closure))
#22 D:/Projects/Zoddy/vendor/laravel/framework/src/Illuminate/Container/BoundMethod.php(35): Illuminate/Container/BoundMethod::callBoundMethod(Object(Illuminate/Foundation/Application), Array, Object(Closure))
#23 D:/Projects/Zoddy/vendor/laravel/framework/src/Illuminate/Container/Container.php(799): Illuminate/Container/BoundMethod::call(Object(Illuminate/Foundation/Application), Array, Array, NULL)
#24 D:/Projects/Zoddy/vendor/laravel/framework/src/Illuminate/Console/Command.php(211): Illuminate/Container/Container->call(Array)
#25 D:/Projects/Zoddy/vendor/symfony/console/Command/Command.php(341): Illuminate/Console/Command->execute(Object(Symfony/Component/Console/Input/ArgvInput), Object(Illuminate/Console/OutputStyle))
#26 D:/Projects/Zoddy/vendor/laravel/framework/src/Illuminate/Console/Command.php(180): Symfony/Component/Console/Command/Command->run(Object(Symfony/Component/Console/Input/ArgvInput), Object(Illuminate/Console/OutputStyle))
#27 D:/Projects/Zoddy/vendor/symfony/console/Application.php(1117): Illuminate/Console/Command->run(Object(Symfony/Component/Console/Input/ArgvInput), Object(Symfony/Component/Console/Output/ConsoleOutput))
#28 D:/Projects/Zoddy/vendor/symfony/console/Application.php(356): Symfony/Component/Console/Application->doRunCommand(Object(Illuminate/Database/Console/Migrations/MigrateCommand), Object(Symfony/Component/Console/Input/ArgvInput), Object(Symfony/Component/Console/Output/ConsoleOutput))
#29 D:/Projects/Zoddy/vendor/symfony/console/Application.php(195): Symfony/Component/Console/Application->doRun(Object(Symfony/Component/Console/Input/ArgvInput), Object(Symfony/Component/Console/Output/ConsoleOutput))
#30 D:/Projects/Zoddy/vendor/laravel/framework/src/Illuminate/Foundation/Console/Kernel.php(198): Symfony/Component/Console/Application->run(Object(Symfony/Component/Console/Input/ArgvInput), Object(Symfony/Component/Console/Output/ConsoleOutput))
#31 D:/Projects/Zoddy/vendor/laravel/framework/src/Illuminate/Foundation/Application.php(1235): Illuminate/Foundation/Console/Kernel->handle(Object(Symfony/Component/Console/Input/ArgvInput), Object(Symfony/Component/Console/Output/ConsoleOutput))
#32 D:/Projects/Zoddy/artisan(16): Illuminate/Foundation/Application->handleCommand(Object(Symfony/Component/Console/Input/ArgvInput))
#33 {main}
"} 
[2026-05-06 17:08:20] production.ERROR: SQLSTATE[HY000]: General error: 1 near "CONSTRAINT": syntax error (Connection: sqlite, Database: D:\Projects\Zoddy\database\database.sqlite, SQL: ALTER TABLE order_items ADD CONSTRAINT check_quantity CHECK (quantity > 0)) {"exception":"[object] (Illuminate\\Database\\QueryException(code: HY000): SQLSTATE[HY000]: General error: 1 near \"CONSTRAINT\": syntax error (Connection: sqlite, Database: D:\\Projects\\Zoddy\\database\\database.sqlite, SQL: ALTER TABLE order_items ADD CONSTRAINT check_quantity CHECK (quantity > 0)) at D:/Projects/Zoddy/vendor/laravel/framework/src/Illuminate/Database/Connection.php:838)
[stacktrace]
#0 D:/Projects/Zoddy/vendor/laravel/framework/src/Illuminate/Database/Connection.php(794): Illuminate/Database/Connection->runQueryCallback('ALTER TABLE ord...', Array, Object(Closure))
#1 D:/Projects/Zoddy/vendor/laravel/framework/src/Illuminate/Database/Connection.php(573): Illuminate/Database/Connection->run('ALTER TABLE ord...', Array, Object(Closure))
#2 D:/Projects/Zoddy/vendor/laravel/framework/src/Illuminate/Database/DatabaseManager.php(491): Illuminate/Database/Connection->statement('ALTER TABLE ord...')
#3 D:/Projects/Zoddy/vendor/laravel/framework/src/Illuminate/Support/Facades/Facade.php(363): Illuminate/Database/DatabaseManager->__call('statement', Array)
#4 D:/Projects/Zoddy/database/migrations/2026_05_06_170725_create_order_items_table.php(35): Illuminate/Support/Facades/Facade::__callStatic('statement', Array)
#5 D:/Projects/Zoddy/vendor/laravel/framework/src/Illuminate/Database/Schema/Blueprint.php(109): Illuminate/Database/Migrations/Migration@anonymous->{closure:Illuminate/Database/Migrations/Migration@anonymous(Object(Illuminate/Database/Schema/Blueprint))
#6 D:/Projects/Zoddy/vendor/laravel/framework/src/Illuminate/Container/Container.php(1168): Illuminate/Database/Schema/Blueprint->__construct(Object(Illuminate/Database/SQLiteConnection), 'order_items', Object(Closure))
#7 D:/Projects/Zoddy/vendor/laravel/framework/src/Illuminate/Container/Container.php(933): Illuminate/Container/Container->build('Illuminate//Data...')
#8 D:/Projects/Zoddy/vendor/laravel/framework/src/Illuminate/Foundation/Application.php(1078): Illuminate/Container/Container->resolve('Illuminate//Data...', Array, true)
#9 D:/Projects/Zoddy/vendor/laravel/framework/src/Illuminate/Container/Container.php(864): Illuminate/Foundation/Application->resolve('Illuminate//Data...', Array)
#10 D:/Projects/Zoddy/vendor/laravel/framework/src/Illuminate/Foundation/Application.php(1058): Illuminate/Container/Container->make('Illuminate//Data...', Array)
#11 D:/Projects/Zoddy/vendor/laravel/framework/src/Illuminate/Database/Schema/Builder.php(704): Illuminate/Foundation/Application->make('Illuminate//Data...', Array)
#12 D:/Projects/Zoddy/vendor/laravel/framework/src/Illuminate/Database/Schema/Builder.php(494): Illuminate/Database/Schema/Builder->createBlueprint('order_items', Object(Closure))
#13 D:/Projects/Zoddy/vendor/laravel/framework/src/Illuminate/Support/Facades/Facade.php(363): Illuminate/Database/Schema/Builder->table('order_items', Object(Closure))
#14 D:/Projects/Zoddy/database/migrations/2026_05_06_170725_create_order_items_table.php(34): Illuminate/Support/Facades/Facade::__callStatic('table', Array)
#15 D:/Projects/Zoddy/vendor/laravel/framework/src/Illuminate/Database/Migrations/Migrator.php(517): Illuminate/Database/Migrations/Migration@anonymous->up()
#16 D:/Projects/Zoddy/vendor/laravel/framework/src/Illuminate/Database/Migrations/Migrator.php(442): Illuminate/Database/Migrations/Migrator->runMethod(Object(Illuminate/Database/SQLiteConnection), Object(Illuminate/Database/Migrations/Migration@anonymous), 'up')
#17 D:/Projects/Zoddy/vendor/laravel/framework/src/Illuminate/Database/Migrations/Migrator.php(451): Illuminate/Database/Migrations/Migrator->{closure:Illuminate/Database/Migrations/Migrator::runMigration():438}()
#18 D:/Projects/Zoddy/vendor/laravel/framework/src/Illuminate/Database/Migrations/Migrator.php(253): Illuminate/Database/Migrations/Migrator->runMigration(Object(Illuminate/Database/Migrations/Migration@anonymous), 'up')
#19 D:/Projects/Zoddy/vendor/laravel/framework/src/Illuminate/Console/View/Components/Task.php(41): Illuminate/Database/Migrations/Migrator->{closure:Illuminate/Database/Migrations/Migrator::runUp():253}()
#20 D:/Projects/Zoddy/vendor/laravel/framework/src/Illuminate/Database/Migrations/Migrator.php(814): Illuminate/Console/View/Components/Task->render('2026_05_06_1707...', Object(Closure))
#21 D:/Projects/Zoddy/vendor/laravel/framework/src/Illuminate/Database/Migrations/Migrator.php(253): Illuminate/Database/Migrations/Migrator->write('Illuminate//Cons...', '2026_05_06_1707...', Object(Closure))
#22 D:/Projects/Zoddy/vendor/laravel/framework/src/Illuminate/Database/Migrations/Migrator.php(211): Illuminate/Database/Migrations/Migrator->runUp('D://Projects//Zod...', 1, false)
#23 D:/Projects/Zoddy/vendor/laravel/framework/src/Illuminate/Database/Migrations/Migrator.php(138): Illuminate/Database/Migrations/Migrator->runPending(Array, Array)
#24 D:/Projects/Zoddy/vendor/laravel/framework/src/Illuminate/Database/Console/Migrations/MigrateCommand.php(116): Illuminate/Database/Migrations/Migrator->run(Array, Array)
#25 D:/Projects/Zoddy/vendor/laravel/framework/src/Illuminate/Database/Migrations/Migrator.php(671): Illuminate/Database/Console/Migrations/MigrateCommand->{closure:Illuminate/Database/Console/Migrations/MigrateCommand::runMigrations():109}()
#26 D:/Projects/Zoddy/vendor/laravel/framework/src/Illuminate/Database/Console/Migrations/MigrateCommand.php(109): Illuminate/Database/Migrations/Migrator->usingConnection(NULL, Object(Closure))
#27 D:/Projects/Zoddy/vendor/laravel/framework/src/Illuminate/Database/Console/Migrations/MigrateCommand.php(88): Illuminate/Database/Console/Migrations/MigrateCommand->runMigrations()
#28 D:/Projects/Zoddy/vendor/laravel/framework/src/Illuminate/Container/BoundMethod.php(36): Illuminate/Database/Console/Migrations/MigrateCommand->handle()
#29 D:/Projects/Zoddy/vendor/laravel/framework/src/Illuminate/Container/Util.php(43): Illuminate/Container/BoundMethod::{closure:Illuminate/Container/BoundMethod::call():35}()
#30 D:/Projects/Zoddy/vendor/laravel/framework/src/Illuminate/Container/BoundMethod.php(96): Illuminate/Container/Util::unwrapIfClosure(Object(Closure))
#31 D:/Projects/Zoddy/vendor/laravel/framework/src/Illuminate/Container/BoundMethod.php(35): Illuminate/Container/BoundMethod::callBoundMethod(Object(Illuminate/Foundation/Application), Array, Object(Closure))
#32 D:/Projects/Zoddy/vendor/laravel/framework/src/Illuminate/Container/Container.php(799): Illuminate/Container/BoundMethod::call(Object(Illuminate/Foundation/Application), Array, Array, NULL)
#33 D:/Projects/Zoddy/vendor/laravel/framework/src/Illuminate/Console/Command.php(211): Illuminate/Container/Container->call(Array)
#34 D:/Projects/Zoddy/vendor/symfony/console/Command/Command.php(341): Illuminate/Console/Command->execute(Object(Symfony/Component/Console/Input/ArrayInput), Object(Illuminate/Console/OutputStyle))
#35 D:/Projects/Zoddy/vendor/laravel/framework/src/Illuminate/Console/Command.php(180): Symfony/Component/Console/Command/Command->run(Object(Symfony/Component/Console/Input/ArrayInput), Object(Illuminate/Console/OutputStyle))
#36 D:/Projects/Zoddy/vendor/laravel/framework/src/Illuminate/Console/Concerns/CallsCommands.php(68): Illuminate/Console/Command->run(Object(Symfony/Component/Console/Input/ArrayInput), Object(Illuminate/Console/OutputStyle))
#37 D:/Projects/Zoddy/vendor/laravel/framework/src/Illuminate/Console/Concerns/CallsCommands.php(29): Illuminate/Console/Command->runCommand('migrate', Array, Object(Illuminate/Console/OutputStyle))
#38 D:/Projects/Zoddy/vendor/laravel/framework/src/Illuminate/Database/Console/Migrations/FreshCommand.php(88): Illuminate/Console/Command->call('migrate', Array)
#39 D:/Projects/Zoddy/vendor/laravel/framework/src/Illuminate/Container/BoundMethod.php(36): Illuminate/Database/Console/Migrations/FreshCommand->handle()
#40 D:/Projects/Zoddy/vendor/laravel/framework/src/Illuminate/Container/Util.php(43): Illuminate/Container/BoundMethod::{closure:Illuminate/Container/BoundMethod::call():35}()
#41 D:/Projects/Zoddy/vendor/laravel/framework/src/Illuminate/Container/BoundMethod.php(96): Illuminate/Container/Util::unwrapIfClosure(Object(Closure))
#42 D:/Projects/Zoddy/vendor/laravel/framework/src/Illuminate/Container/BoundMethod.php(35): Illuminate/Container/BoundMethod::callBoundMethod(Object(Illuminate/Foundation/Application), Array, Object(Closure))
#43 D:/Projects/Zoddy/vendor/laravel/framework/src/Illuminate/Container/Container.php(799): Illuminate/Container/BoundMethod::call(Object(Illuminate/Foundation/Application), Array, Array, NULL)
#44 D:/Projects/Zoddy/vendor/laravel/framework/src/Illuminate/Console/Command.php(211): Illuminate/Container/Container->call(Array)
#45 D:/Projects/Zoddy/vendor/symfony/console/Command/Command.php(341): Illuminate/Console/Command->execute(Object(Symfony/Component/Console/Input/ArgvInput), Object(Illuminate/Console/OutputStyle))
#46 D:/Projects/Zoddy/vendor/laravel/framework/src/Illuminate/Console/Command.php(180): Symfony/Component/Console/Command/Command->run(Object(Symfony/Component/Console/Input/ArgvInput), Object(Illuminate/Console/OutputStyle))
#47 D:/Projects/Zoddy/vendor/symfony/console/Application.php(1117): Illuminate/Console/Command->run(Object(Symfony/Component/Console/Input/ArgvInput), Object(Symfony/Component/Console/Output/ConsoleOutput))
#48 D:/Projects/Zoddy/vendor/symfony/console/Application.php(356): Symfony/Component/Console/Application->doRunCommand(Object(Illuminate/Database/Console/Migrations/FreshCommand), Object(Symfony/Component/Console/Input/ArgvInput), Object(Symfony/Component/Console/Output/ConsoleOutput))
#49 D:/Projects/Zoddy/vendor/symfony/console/Application.php(195): Symfony/Component/Console/Application->doRun(Object(Symfony/Component/Console/Input/ArgvInput), Object(Symfony/Component/Console/Output/ConsoleOutput))
#50 D:/Projects/Zoddy/vendor/laravel/framework/src/Illuminate/Foundation/Console/Kernel.php(198): Symfony/Component/Console/Application->run(Object(Symfony/Component/Console/Input/ArgvInput), Object(Symfony/Component/Console/Output/ConsoleOutput))
#51 D:/Projects/Zoddy/vendor/laravel/framework/src/Illuminate/Foundation/Application.php(1235): Illuminate/Foundation/Console/Kernel->handle(Object(Symfony/Component/Console/Input/ArgvInput), Object(Symfony/Component/Console/Output/ConsoleOutput))
#52 D:/Projects/Zoddy/artisan(16): Illuminate/Foundation/Application->handleCommand(Object(Symfony/Component/Console/Input/ArgvInput))
#53 {main}

[previous exception] [object] (PDOException(code: HY000): SQLSTATE[HY000]: General error: 1 near \"CONSTRAINT\": syntax error at D:/Projects/Zoddy/vendor/laravel/framework/src/Illuminate/Database/Connection.php:578)
[stacktrace]
#0 D:/Projects/Zoddy/vendor/laravel/framework/src/Illuminate/Database/Connection.php(578): PDO->prepare('ALTER TABLE ord...')
#1 D:/Projects/Zoddy/vendor/laravel/framework/src/Illuminate/Database/Connection.php(827): Illuminate/Database/Connection->{closure:Illuminate/Database/Connection::statement():573}('ALTER TABLE ord...', Array)
#2 D:/Projects/Zoddy/vendor/laravel/framework/src/Illuminate/Database/Connection.php(794): Illuminate/Database/Connection->runQueryCallback('ALTER TABLE ord...', Array, Object(Closure))
#3 D:/Projects/Zoddy/vendor/laravel/framework/src/Illuminate/Database/Connection.php(573): Illuminate/Database/Connection->run('ALTER TABLE ord...', Array, Object(Closure))
#4 D:/Projects/Zoddy/vendor/laravel/framework/src/Illuminate/Database/DatabaseManager.php(491): Illuminate/Database/Connection->statement('ALTER TABLE ord...')
#5 D:/Projects/Zoddy/vendor/laravel/framework/src/Illuminate/Support/Facades/Facade.php(363): Illuminate/Database/DatabaseManager->__call('statement', Array)
#6 D:/Projects/Zoddy/database/migrations/2026_05_06_170725_create_order_items_table.php(35): Illuminate/Support/Facades/Facade::__callStatic('statement', Array)
#7 D:/Projects/Zoddy/vendor/laravel/framework/src/Illuminate/Database/Schema/Blueprint.php(109): Illuminate/Database/Migrations/Migration@anonymous->{closure:Illuminate/Database/Migrations/Migration@anonymous(Object(Illuminate/Database/Schema/Blueprint))
#8 D:/Projects/Zoddy/vendor/laravel/framework/src/Illuminate/Container/Container.php(1168): Illuminate/Database/Schema/Blueprint->__construct(Object(Illuminate/Database/SQLiteConnection), 'order_items', Object(Closure))
#9 D:/Projects/Zoddy/vendor/laravel/framework/src/Illuminate/Container/Container.php(933): Illuminate/Container/Container->build('Illuminate//Data...')
#10 D:/Projects/Zoddy/vendor/laravel/framework/src/Illuminate/Foundation/Application.php(1078): Illuminate/Container/Container->resolve('Illuminate//Data...', Array, true)
#11 D:/Projects/Zoddy/vendor/laravel/framework/src/Illuminate/Container/Container.php(864): Illuminate/Foundation/Application->resolve('Illuminate//Data...', Array)
#12 D:/Projects/Zoddy/vendor/laravel/framework/src/Illuminate/Foundation/Application.php(1058): Illuminate/Container/Container->make('Illuminate//Data...', Array)
#13 D:/Projects/Zoddy/vendor/laravel/framework/src/Illuminate/Database/Schema/Builder.php(704): Illuminate/Foundation/Application->make('Illuminate//Data...', Array)
#14 D:/Projects/Zoddy/vendor/laravel/framework/src/Illuminate/Database/Schema/Builder.php(494): Illuminate/Database/Schema/Builder->createBlueprint('order_items', Object(Closure))
#15 D:/Projects/Zoddy/vendor/laravel/framework/src/Illuminate/Support/Facades/Facade.php(363): Illuminate/Database/Schema/Builder->table('order_items', Object(Closure))
#16 D:/Projects/Zoddy/database/migrations/2026_05_06_170725_create_order_items_table.php(34): Illuminate/Support/Facades/Facade::__callStatic('table', Array)
#17 D:/Projects/Zoddy/vendor/laravel/framework/src/Illuminate/Database/Migrations/Migrator.php(517): Illuminate/Database/Migrations/Migration@anonymous->up()
#18 D:/Projects/Zoddy/vendor/laravel/framework/src/Illuminate/Database/Migrations/Migrator.php(442): Illuminate/Database/Migrations/Migrator->runMethod(Object(Illuminate/Database/SQLiteConnection), Object(Illuminate/Database/Migrations/Migration@anonymous), 'up')
#19 D:/Projects/Zoddy/vendor/laravel/framework/src/Illuminate/Database/Migrations/Migrator.php(451): Illuminate/Database/Migrations/Migrator->{closure:Illuminate/Database/Migrations/Migrator::runMigration():438}()
#20 D:/Projects/Zoddy/vendor/laravel/framework/src/Illuminate/Database/Migrations/Migrator.php(253): Illuminate/Database/Migrations/Migrator->runMigration(Object(Illuminate/Database/Migrations/Migration@anonymous), 'up')
#21 D:/Projects/Zoddy/vendor/laravel/framework/src/Illuminate/Console/View/Components/Task.php(41): Illuminate/Database/Migrations/Migrator->{closure:Illuminate/Database/Migrations/Migrator::runUp():253}()
#22 D:/Projects/Zoddy/vendor/laravel/framework/src/Illuminate/Database/Migrations/Migrator.php(814): Illuminate/Console/View/Components/Task->render('2026_05_06_1707...', Object(Closure))
#23 D:/Projects/Zoddy/vendor/laravel/framework/src/Illuminate/Database/Migrations/Migrator.php(253): Illuminate/Database/Migrations/Migrator->write('Illuminate//Cons...', '2026_05_06_1707...', Object(Closure))
#24 D:/Projects/Zoddy/vendor/laravel/framework/src/Illuminate/Database/Migrations/Migrator.php(211): Illuminate/Database/Migrations/Migrator->runUp('D://Projects//Zod...', 1, false)
#25 D:/Projects/Zoddy/vendor/laravel/framework/src/Illuminate/Database/Migrations/Migrator.php(138): Illuminate/Database/Migrations/Migrator->runPending(Array, Array)
#26 D:/Projects/Zoddy/vendor/laravel/framework/src/Illuminate/Database/Console/Migrations/MigrateCommand.php(116): Illuminate/Database/Migrations/Migrator->run(Array, Array)
#27 D:/Projects/Zoddy/vendor/laravel/framework/src/Illuminate/Database/Migrations/Migrator.php(671): Illuminate/Database/Console/Migrations/MigrateCommand->{closure:Illuminate/Database/Console/Migrations/MigrateCommand::runMigrations():109}()
#28 D:/Projects/Zoddy/vendor/laravel/framework/src/Illuminate/Database/Console/Migrations/MigrateCommand.php(109): Illuminate/Database/Migrations/Migrator->usingConnection(NULL, Object(Closure))
#29 D:/Projects/Zoddy/vendor/laravel/framework/src/Illuminate/Database/Console/Migrations/MigrateCommand.php(88): Illuminate/Database/Console/Migrations/MigrateCommand->runMigrations()
#30 D:/Projects/Zoddy/vendor/laravel/framework/src/Illuminate/Container/BoundMethod.php(36): Illuminate/Database/Console/Migrations/MigrateCommand->handle()
#31 D:/Projects/Zoddy/vendor/laravel/framework/src/Illuminate/Container/Util.php(43): Illuminate/Container/BoundMethod::{closure:Illuminate/Container/BoundMethod::call():35}()
#32 D:/Projects/Zoddy/vendor/laravel/framework/src/Illuminate/Container/BoundMethod.php(96): Illuminate/Container/Util::unwrapIfClosure(Object(Closure))
#33 D:/Projects/Zoddy/vendor/laravel/framework/src/Illuminate/Container/BoundMethod.php(35): Illuminate/Container/BoundMethod::callBoundMethod(Object(Illuminate/Foundation/Application), Array, Object(Closure))
#34 D:/Projects/Zoddy/vendor/laravel/framework/src/Illuminate/Container/Container.php(799): Illuminate/Container/BoundMethod::call(Object(Illuminate/Foundation/Application), Array, Array, NULL)
#35 D:/Projects/Zoddy/vendor/laravel/framework/src/Illuminate/Console/Command.php(211): Illuminate/Container/Container->call(Array)
#36 D:/Projects/Zoddy/vendor/symfony/console/Command/Command.php(341): Illuminate/Console/Command->execute(Object(Symfony/Component/Console/Input/ArrayInput), Object(Illuminate/Console/OutputStyle))
#37 D:/Projects/Zoddy/vendor/laravel/framework/src/Illuminate/Console/Command.php(180): Symfony/Component/Console/Command/Command->run(Object(Symfony/Component/Console/Input/ArrayInput), Object(Illuminate/Console/OutputStyle))
#38 D:/Projects/Zoddy/vendor/laravel/framework/src/Illuminate/Console/Concerns/CallsCommands.php(68): Illuminate/Console/Command->run(Object(Symfony/Component/Console/Input/ArrayInput), Object(Illuminate/Console/OutputStyle))
#39 D:/Projects/Zoddy/vendor/laravel/framework/src/Illuminate/Console/Concerns/CallsCommands.php(29): Illuminate/Console/Command->runCommand('migrate', Array, Object(Illuminate/Console/OutputStyle))
#40 D:/Projects/Zoddy/vendor/laravel/framework/src/Illuminate/Database/Console/Migrations/FreshCommand.php(88): Illuminate/Console/Command->call('migrate', Array)
#41 D:/Projects/Zoddy/vendor/laravel/framework/src/Illuminate/Container/BoundMethod.php(36): Illuminate/Database/Console/Migrations/FreshCommand->handle()
#42 D:/Projects/Zoddy/vendor/laravel/framework/src/Illuminate/Container/Util.php(43): Illuminate/Container/BoundMethod::{closure:Illuminate/Container/BoundMethod::call():35}()
#43 D:/Projects/Zoddy/vendor/laravel/framework/src/Illuminate/Container/BoundMethod.php(96): Illuminate/Container/Util::unwrapIfClosure(Object(Closure))
#44 D:/Projects/Zoddy/vendor/laravel/framework/src/Illuminate/Container/BoundMethod.php(35): Illuminate/Container/BoundMethod::callBoundMethod(Object(Illuminate/Foundation/Application), Array, Object(Closure))
#45 D:/Projects/Zoddy/vendor/laravel/framework/src/Illuminate/Container/Container.php(799): Illuminate/Container/BoundMethod::call(Object(Illuminate/Foundation/Application), Array, Array, NULL)
#46 D:/Projects/Zoddy/vendor/laravel/framework/src/Illuminate/Console/Command.php(211): Illuminate/Container/Container->call(Array)
#47 D:/Projects/Zoddy/vendor/symfony/console/Command/Command.php(341): Illuminate/Console/Command->execute(Object(Symfony/Component/Console/Input/ArgvInput), Object(Illuminate/Console/OutputStyle))
#48 D:/Projects/Zoddy/vendor/laravel/framework/src/Illuminate/Console/Command.php(180): Symfony/Component/Console/Command/Command->run(Object(Symfony/Component/Console/Input/ArgvInput), Object(Illuminate/Console/OutputStyle))
#49 D:/Projects/Zoddy/vendor/symfony/console/Application.php(1117): Illuminate/Console/Command->run(Object(Symfony/Component/Console/Input/ArgvInput), Object(Symfony/Component/Console/Output/ConsoleOutput))
#50 D:/Projects/Zoddy/vendor/symfony/console/Application.php(356): Symfony/Component/Console/Application->doRunCommand(Object(Illuminate/Database/Console/Migrations/FreshCommand), Object(Symfony/Component/Console/Input/ArgvInput), Object(Symfony/Component/Console/Output/ConsoleOutput))
#51 D:/Projects/Zoddy/vendor/symfony/console/Application.php(195): Symfony/Component/Console/Application->doRun(Object(Symfony/Component/Console/Input/ArgvInput), Object(Symfony/Component/Console/Output/ConsoleOutput))
#52 D:/Projects/Zoddy/vendor/laravel/framework/src/Illuminate/Foundation/Console/Kernel.php(198): Symfony/Component/Console/Application->run(Object(Symfony/Component/Console/Input/ArgvInput), Object(Symfony/Component/Console/Output/ConsoleOutput))
#53 D:/Projects/Zoddy/vendor/laravel/framework/src/Illuminate/Foundation/Application.php(1235): Illuminate/Foundation/Console/Kernel->handle(Object(Symfony/Component/Console/Input/ArgvInput), Object(Symfony/Component/Console/Output/ConsoleOutput))
#54 D:/Projects/Zoddy/artisan(16): Illuminate/Foundation/Application->handleCommand(Object(Symfony/Component/Console/Input/ArgvInput))
#55 {main}
"} 
[2026-05-06 17:09:37] production.ERROR: SQLSTATE[HY000]: General error: 1 near "CONSTRAINT": syntax error (Connection: sqlite, Database: D:\Projects\Zoddy\database\database.sqlite, SQL: ALTER TABLE order_items ADD CONSTRAINT check_quantity CHECK (quantity > 0)) {"exception":"[object] (Illuminate\\Database\\QueryException(code: HY000): SQLSTATE[HY000]: General error: 1 near \"CONSTRAINT\": syntax error (Connection: sqlite, Database: D:\\Projects\\Zoddy\\database\\database.sqlite, SQL: ALTER TABLE order_items ADD CONSTRAINT check_quantity CHECK (quantity > 0)) at D:/Projects/Zoddy/vendor/laravel/framework/src/Illuminate/Database/Connection.php:838)
[stacktrace]
#0 D:/Projects/Zoddy/vendor/laravel/framework/src/Illuminate/Database/Connection.php(794): Illuminate/Database/Connection->runQueryCallback('ALTER TABLE ord...', Array, Object(Closure))
#1 D:/Projects/Zoddy/vendor/laravel/framework/src/Illuminate/Database/Connection.php(573): Illuminate/Database/Connection->run('ALTER TABLE ord...', Array, Object(Closure))
#2 D:/Projects/Zoddy/vendor/laravel/framework/src/Illuminate/Database/DatabaseManager.php(491): Illuminate/Database/Connection->statement('ALTER TABLE ord...')
#3 D:/Projects/Zoddy/vendor/laravel/framework/src/Illuminate/Support/Facades/Facade.php(363): Illuminate/Database/DatabaseManager->__call('statement', Array)
#4 D:/Projects/Zoddy/database/migrations/2026_05_06_170725_create_order_items_table.php(35): Illuminate/Support/Facades/Facade::__callStatic('statement', Array)
#5 D:/Projects/Zoddy/vendor/laravel/framework/src/Illuminate/Database/Schema/Blueprint.php(109): Illuminate/Database/Migrations/Migration@anonymous->{closure:Illuminate/Database/Migrations/Migration@anonymous(Object(Illuminate/Database/Schema/Blueprint))
#6 D:/Projects/Zoddy/vendor/laravel/framework/src/Illuminate/Container/Container.php(1168): Illuminate/Database/Schema/Blueprint->__construct(Object(Illuminate/Database/SQLiteConnection), 'order_items', Object(Closure))
#7 D:/Projects/Zoddy/vendor/laravel/framework/src/Illuminate/Container/Container.php(933): Illuminate/Container/Container->build('Illuminate//Data...')
#8 D:/Projects/Zoddy/vendor/laravel/framework/src/Illuminate/Foundation/Application.php(1078): Illuminate/Container/Container->resolve('Illuminate//Data...', Array, true)
#9 D:/Projects/Zoddy/vendor/laravel/framework/src/Illuminate/Container/Container.php(864): Illuminate/Foundation/Application->resolve('Illuminate//Data...', Array)
#10 D:/Projects/Zoddy/vendor/laravel/framework/src/Illuminate/Foundation/Application.php(1058): Illuminate/Container/Container->make('Illuminate//Data...', Array)
#11 D:/Projects/Zoddy/vendor/laravel/framework/src/Illuminate/Database/Schema/Builder.php(704): Illuminate/Foundation/Application->make('Illuminate//Data...', Array)
#12 D:/Projects/Zoddy/vendor/laravel/framework/src/Illuminate/Database/Schema/Builder.php(494): Illuminate/Database/Schema/Builder->createBlueprint('order_items', Object(Closure))
#13 D:/Projects/Zoddy/vendor/laravel/framework/src/Illuminate/Support/Facades/Facade.php(363): Illuminate/Database/Schema/Builder->table('order_items', Object(Closure))
#14 D:/Projects/Zoddy/database/migrations/2026_05_06_170725_create_order_items_table.php(34): Illuminate/Support/Facades/Facade::__callStatic('table', Array)
#15 D:/Projects/Zoddy/vendor/laravel/framework/src/Illuminate/Database/Migrations/Migrator.php(517): Illuminate/Database/Migrations/Migration@anonymous->up()
#16 D:/Projects/Zoddy/vendor/laravel/framework/src/Illuminate/Database/Migrations/Migrator.php(442): Illuminate/Database/Migrations/Migrator->runMethod(Object(Illuminate/Database/SQLiteConnection), Object(Illuminate/Database/Migrations/Migration@anonymous), 'up')
#17 D:/Projects/Zoddy/vendor/laravel/framework/src/Illuminate/Database/Migrations/Migrator.php(451): Illuminate/Database/Migrations/Migrator->{closure:Illuminate/Database/Migrations/Migrator::runMigration():438}()
#18 D:/Projects/Zoddy/vendor/laravel/framework/src/Illuminate/Database/Migrations/Migrator.php(253): Illuminate/Database/Migrations/Migrator->runMigration(Object(Illuminate/Database/Migrations/Migration@anonymous), 'up')
#19 D:/Projects/Zoddy/vendor/laravel/framework/src/Illuminate/Console/View/Components/Task.php(41): Illuminate/Database/Migrations/Migrator->{closure:Illuminate/Database/Migrations/Migrator::runUp():253}()
#20 D:/Projects/Zoddy/vendor/laravel/framework/src/Illuminate/Database/Migrations/Migrator.php(814): Illuminate/Console/View/Components/Task->render('2026_05_06_1707...', Object(Closure))
#21 D:/Projects/Zoddy/vendor/laravel/framework/src/Illuminate/Database/Migrations/Migrator.php(253): Illuminate/Database/Migrations/Migrator->write('Illuminate//Cons...', '2026_05_06_1707...', Object(Closure))
#22 D:/Projects/Zoddy/vendor/laravel/framework/src/Illuminate/Database/Migrations/Migrator.php(211): Illuminate/Database/Migrations/Migrator->runUp('D://Projects//Zod...', 1, false)
#23 D:/Projects/Zoddy/vendor/laravel/framework/src/Illuminate/Database/Migrations/Migrator.php(138): Illuminate/Database/Migrations/Migrator->runPending(Array, Array)
#24 D:/Projects/Zoddy/vendor/laravel/framework/src/Illuminate/Database/Console/Migrations/MigrateCommand.php(116): Illuminate/Database/Migrations/Migrator->run(Array, Array)
#25 D:/Projects/Zoddy/vendor/laravel/framework/src/Illuminate/Database/Migrations/Migrator.php(671): Illuminate/Database/Console/Migrations/MigrateCommand->{closure:Illuminate/Database/Console/Migrations/MigrateCommand::runMigrations():109}()
#26 D:/Projects/Zoddy/vendor/laravel/framework/src/Illuminate/Database/Console/Migrations/MigrateCommand.php(109): Illuminate/Database/Migrations/Migrator->usingConnection(NULL, Object(Closure))
#27 D:/Projects/Zoddy/vendor/laravel/framework/src/Illuminate/Database/Console/Migrations/MigrateCommand.php(88): Illuminate/Database/Console/Migrations/MigrateCommand->runMigrations()
#28 D:/Projects/Zoddy/vendor/laravel/framework/src/Illuminate/Container/BoundMethod.php(36): Illuminate/Database/Console/Migrations/MigrateCommand->handle()
#29 D:/Projects/Zoddy/vendor/laravel/framework/src/Illuminate/Container/Util.php(43): Illuminate/Container/BoundMethod::{closure:Illuminate/Container/BoundMethod::call():35}()
#30 D:/Projects/Zoddy/vendor/laravel/framework/src/Illuminate/Container/BoundMethod.php(96): Illuminate/Container/Util::unwrapIfClosure(Object(Closure))
#31 D:/Projects/Zoddy/vendor/laravel/framework/src/Illuminate/Container/BoundMethod.php(35): Illuminate/Container/BoundMethod::callBoundMethod(Object(Illuminate/Foundation/Application), Array, Object(Closure))
#32 D:/Projects/Zoddy/vendor/laravel/framework/src/Illuminate/Container/Container.php(799): Illuminate/Container/BoundMethod::call(Object(Illuminate/Foundation/Application), Array, Array, NULL)
#33 D:/Projects/Zoddy/vendor/laravel/framework/src/Illuminate/Console/Command.php(211): Illuminate/Container/Container->call(Array)
#34 D:/Projects/Zoddy/vendor/symfony/console/Command/Command.php(341): Illuminate/Console/Command->execute(Object(Symfony/Component/Console/Input/ArrayInput), Object(Illuminate/Console/OutputStyle))
#35 D:/Projects/Zoddy/vendor/laravel/framework/src/Illuminate/Console/Command.php(180): Symfony/Component/Console/Command/Command->run(Object(Symfony/Component/Console/Input/ArrayInput), Object(Illuminate/Console/OutputStyle))
#36 D:/Projects/Zoddy/vendor/laravel/framework/src/Illuminate/Console/Concerns/CallsCommands.php(68): Illuminate/Console/Command->run(Object(Symfony/Component/Console/Input/ArrayInput), Object(Illuminate/Console/OutputStyle))
#37 D:/Projects/Zoddy/vendor/laravel/framework/src/Illuminate/Console/Concerns/CallsCommands.php(29): Illuminate/Console/Command->runCommand('migrate', Array, Object(Illuminate/Console/OutputStyle))
#38 D:/Projects/Zoddy/vendor/laravel/framework/src/Illuminate/Database/Console/Migrations/FreshCommand.php(88): Illuminate/Console/Command->call('migrate', Array)
#39 D:/Projects/Zoddy/vendor/laravel/framework/src/Illuminate/Container/BoundMethod.php(36): Illuminate/Database/Console/Migrations/FreshCommand->handle()
#40 D:/Projects/Zoddy/vendor/laravel/framework/src/Illuminate/Container/Util.php(43): Illuminate/Container/BoundMethod::{closure:Illuminate/Container/BoundMethod::call():35}()
#41 D:/Projects/Zoddy/vendor/laravel/framework/src/Illuminate/Container/BoundMethod.php(96): Illuminate/Container/Util::unwrapIfClosure(Object(Closure))
#42 D:/Projects/Zoddy/vendor/laravel/framework/src/Illuminate/Container/BoundMethod.php(35): Illuminate/Container/BoundMethod::callBoundMethod(Object(Illuminate/Foundation/Application), Array, Object(Closure))
#43 D:/Projects/Zoddy/vendor/laravel/framework/src/Illuminate/Container/Container.php(799): Illuminate/Container/BoundMethod::call(Object(Illuminate/Foundation/Application), Array, Array, NULL)
#44 D:/Projects/Zoddy/vendor/laravel/framework/src/Illuminate/Console/Command.php(211): Illuminate/Container/Container->call(Array)
#45 D:/Projects/Zoddy/vendor/symfony/console/Command/Command.php(341): Illuminate/Console/Command->execute(Object(Symfony/Component/Console/Input/ArgvInput), Object(Illuminate/Console/OutputStyle))
#46 D:/Projects/Zoddy/vendor/laravel/framework/src/Illuminate/Console/Command.php(180): Symfony/Component/Console/Command/Command->run(Object(Symfony/Component/Console/Input/ArgvInput), Object(Illuminate/Console/OutputStyle))
#47 D:/Projects/Zoddy/vendor/symfony/console/Application.php(1117): Illuminate/Console/Command->run(Object(Symfony/Component/Console/Input/ArgvInput), Object(Symfony/Component/Console/Output/ConsoleOutput))
#48 D:/Projects/Zoddy/vendor/symfony/console/Application.php(356): Symfony/Component/Console/Application->doRunCommand(Object(Illuminate/Database/Console/Migrations/FreshCommand), Object(Symfony/Component/Console/Input/ArgvInput), Object(Symfony/Component/Console/Output/ConsoleOutput))
#49 D:/Projects/Zoddy/vendor/symfony/console/Application.php(195): Symfony/Component/Console/Application->doRun(Object(Symfony/Component/Console/Input/ArgvInput), Object(Symfony/Component/Console/Output/ConsoleOutput))
#50 D:/Projects/Zoddy/vendor/laravel/framework/src/Illuminate/Foundation/Console/Kernel.php(198): Symfony/Component/Console/Application->run(Object(Symfony/Component/Console/Input/ArgvInput), Object(Symfony/Component/Console/Output/ConsoleOutput))
#51 D:/Projects/Zoddy/vendor/laravel/framework/src/Illuminate/Foundation/Application.php(1235): Illuminate/Foundation/Console/Kernel->handle(Object(Symfony/Component/Console/Input/ArgvInput), Object(Symfony/Component/Console/Output/ConsoleOutput))
#52 D:/Projects/Zoddy/artisan(16): Illuminate/Foundation/Application->handleCommand(Object(Symfony/Component/Console/Input/ArgvInput))
#53 {main}

[previous exception] [object] (PDOException(code: HY000): SQLSTATE[HY000]: General error: 1 near \"CONSTRAINT\": syntax error at D:/Projects/Zoddy/vendor/laravel/framework/src/Illuminate/Database/Connection.php:578)
[stacktrace]
#0 D:/Projects/Zoddy/vendor/laravel/framework/src/Illuminate/Database/Connection.php(578): PDO->prepare('ALTER TABLE ord...')
#1 D:/Projects/Zoddy/vendor/laravel/framework/src/Illuminate/Database/Connection.php(827): Illuminate/Database/Connection->{closure:Illuminate/Database/Connection::statement():573}('ALTER TABLE ord...', Array)
#2 D:/Projects/Zoddy/vendor/laravel/framework/src/Illuminate/Database/Connection.php(794): Illuminate/Database/Connection->runQueryCallback('ALTER TABLE ord...', Array, Object(Closure))
#3 D:/Projects/Zoddy/vendor/laravel/framework/src/Illuminate/Database/Connection.php(573): Illuminate/Database/Connection->run('ALTER TABLE ord...', Array, Object(Closure))
#4 D:/Projects/Zoddy/vendor/laravel/framework/src/Illuminate/Database/DatabaseManager.php(491): Illuminate/Database/Connection->statement('ALTER TABLE ord...')
#5 D:/Projects/Zoddy/vendor/laravel/framework/src/Illuminate/Support/Facades/Facade.php(363): Illuminate/Database/DatabaseManager->__call('statement', Array)
#6 D:/Projects/Zoddy/database/migrations/2026_05_06_170725_create_order_items_table.php(35): Illuminate/Support/Facades/Facade::__callStatic('statement', Array)
#7 D:/Projects/Zoddy/vendor/laravel/framework/src/Illuminate/Database/Schema/Blueprint.php(109): Illuminate/Database/Migrations/Migration@anonymous->{closure:Illuminate/Database/Migrations/Migration@anonymous(Object(Illuminate/Database/Schema/Blueprint))
#8 D:/Projects/Zoddy/vendor/laravel/framework/src/Illuminate/Container/Container.php(1168): Illuminate/Database/Schema/Blueprint->__construct(Object(Illuminate/Database/SQLiteConnection), 'order_items', Object(Closure))
#9 D:/Projects/Zoddy/vendor/laravel/framework/src/Illuminate/Container/Container.php(933): Illuminate/Container/Container->build('Illuminate//Data...')
#10 D:/Projects/Zoddy/vendor/laravel/framework/src/Illuminate/Foundation/Application.php(1078): Illuminate/Container/Container->resolve('Illuminate//Data...', Array, true)
#11 D:/Projects/Zoddy/vendor/laravel/framework/src/Illuminate/Container/Container.php(864): Illuminate/Foundation/Application->resolve('Illuminate//Data...', Array)
#12 D:/Projects/Zoddy/vendor/laravel/framework/src/Illuminate/Foundation/Application.php(1058): Illuminate/Container/Container->make('Illuminate//Data...', Array)
#13 D:/Projects/Zoddy/vendor/laravel/framework/src/Illuminate/Database/Schema/Builder.php(704): Illuminate/Foundation/Application->make('Illuminate//Data...', Array)
#14 D:/Projects/Zoddy/vendor/laravel/framework/src/Illuminate/Database/Schema/Builder.php(494): Illuminate/Database/Schema/Builder->createBlueprint('order_items', Object(Closure))
#15 D:/Projects/Zoddy/vendor/laravel/framework/src/Illuminate/Support/Facades/Facade.php(363): Illuminate/Database/Schema/Builder->table('order_items', Object(Closure))
#16 D:/Projects/Zoddy/database/migrations/2026_05_06_170725_create_order_items_table.php(34): Illuminate/Support/Facades/Facade::__callStatic('table', Array)
#17 D:/Projects/Zoddy/vendor/laravel/framework/src/Illuminate/Database/Migrations/Migrator.php(517): Illuminate/Database/Migrations/Migration@anonymous->up()
#18 D:/Projects/Zoddy/vendor/laravel/framework/src/Illuminate/Database/Migrations/Migrator.php(442): Illuminate/Database/Migrations/Migrator->runMethod(Object(Illuminate/Database/SQLiteConnection), Object(Illuminate/Database/Migrations/Migration@anonymous), 'up')
#19 D:/Projects/Zoddy/vendor/laravel/framework/src/Illuminate/Database/Migrations/Migrator.php(451): Illuminate/Database/Migrations/Migrator->{closure:Illuminate/Database/Migrations/Migrator::runMigration():438}()
#20 D:/Projects/Zoddy/vendor/laravel/framework/src/Illuminate/Database/Migrations/Migrator.php(253): Illuminate/Database/Migrations/Migrator->runMigration(Object(Illuminate/Database/Migrations/Migration@anonymous), 'up')
#21 D:/Projects/Zoddy/vendor/laravel/framework/src/Illuminate/Console/View/Components/Task.php(41): Illuminate/Database/Migrations/Migrator->{closure:Illuminate/Database/Migrations/Migrator::runUp():253}()
#22 D:/Projects/Zoddy/vendor/laravel/framework/src/Illuminate/Database/Migrations/Migrator.php(814): Illuminate/Console/View/Components/Task->render('2026_05_06_1707...', Object(Closure))
#23 D:/Projects/Zoddy/vendor/laravel/framework/src/Illuminate/Database/Migrations/Migrator.php(253): Illuminate/Database/Migrations/Migrator->write('Illuminate//Cons...', '2026_05_06_1707...', Object(Closure))
#24 D:/Projects/Zoddy/vendor/laravel/framework/src/Illuminate/Database/Migrations/Migrator.php(211): Illuminate/Database/Migrations/Migrator->runUp('D://Projects//Zod...', 1, false)
#25 D:/Projects/Zoddy/vendor/laravel/framework/src/Illuminate/Database/Migrations/Migrator.php(138): Illuminate/Database/Migrations/Migrator->runPending(Array, Array)
#26 D:/Projects/Zoddy/vendor/laravel/framework/src/Illuminate/Database/Console/Migrations/MigrateCommand.php(116): Illuminate/Database/Migrations/Migrator->run(Array, Array)
#27 D:/Projects/Zoddy/vendor/laravel/framework/src/Illuminate/Database/Migrations/Migrator.php(671): Illuminate/Database/Console/Migrations/MigrateCommand->{closure:Illuminate/Database/Console/Migrations/MigrateCommand::runMigrations():109}()
#28 D:/Projects/Zoddy/vendor/laravel/framework/src/Illuminate/Database/Console/Migrations/MigrateCommand.php(109): Illuminate/Database/Migrations/Migrator->usingConnection(NULL, Object(Closure))
#29 D:/Projects/Zoddy/vendor/laravel/framework/src/Illuminate/Database/Console/Migrations/MigrateCommand.php(88): Illuminate/Database/Console/Migrations/MigrateCommand->runMigrations()
#30 D:/Projects/Zoddy/vendor/laravel/framework/src/Illuminate/Container/BoundMethod.php(36): Illuminate/Database/Console/Migrations/MigrateCommand->handle()
#31 D:/Projects/Zoddy/vendor/laravel/framework/src/Illuminate/Container/Util.php(43): Illuminate/Container/BoundMethod::{closure:Illuminate/Container/BoundMethod::call():35}()
#32 D:/Projects/Zoddy/vendor/laravel/framework/src/Illuminate/Container/BoundMethod.php(96): Illuminate/Container/Util::unwrapIfClosure(Object(Closure))
#33 D:/Projects/Zoddy/vendor/laravel/framework/src/Illuminate/Container/BoundMethod.php(35): Illuminate/Container/BoundMethod::callBoundMethod(Object(Illuminate/Foundation/Application), Array, Object(Closure))
#34 D:/Projects/Zoddy/vendor/laravel/framework/src/Illuminate/Container/Container.php(799): Illuminate/Container/BoundMethod::call(Object(Illuminate/Foundation/Application), Array, Array, NULL)
#35 D:/Projects/Zoddy/vendor/laravel/framework/src/Illuminate/Console/Command.php(211): Illuminate/Container/Container->call(Array)
#36 D:/Projects/Zoddy/vendor/symfony/console/Command/Command.php(341): Illuminate/Console/Command->execute(Object(Symfony/Component/Console/Input/ArrayInput), Object(Illuminate/Console/OutputStyle))
#37 D:/Projects/Zoddy/vendor/laravel/framework/src/Illuminate/Console/Command.php(180): Symfony/Component/Console/Command/Command->run(Object(Symfony/Component/Console/Input/ArrayInput), Object(Illuminate/Console/OutputStyle))
#38 D:/Projects/Zoddy/vendor/laravel/framework/src/Illuminate/Console/Concerns/CallsCommands.php(68): Illuminate/Console/Command->run(Object(Symfony/Component/Console/Input/ArrayInput), Object(Illuminate/Console/OutputStyle))
#39 D:/Projects/Zoddy/vendor/laravel/framework/src/Illuminate/Console/Concerns/CallsCommands.php(29): Illuminate/Console/Command->runCommand('migrate', Array, Object(Illuminate/Console/OutputStyle))
#40 D:/Projects/Zoddy/vendor/laravel/framework/src/Illuminate/Database/Console/Migrations/FreshCommand.php(88): Illuminate/Console/Command->call('migrate', Array)
#41 D:/Projects/Zoddy/vendor/laravel/framework/src/Illuminate/Container/BoundMethod.php(36): Illuminate/Database/Console/Migrations/FreshCommand->handle()
#42 D:/Projects/Zoddy/vendor/laravel/framework/src/Illuminate/Container/Util.php(43): Illuminate/Container/BoundMethod::{closure:Illuminate/Container/BoundMethod::call():35}()
#43 D:/Projects/Zoddy/vendor/laravel/framework/src/Illuminate/Container/BoundMethod.php(96): Illuminate/Container/Util::unwrapIfClosure(Object(Closure))
#44 D:/Projects/Zoddy/vendor/laravel/framework/src/Illuminate/Container/BoundMethod.php(35): Illuminate/Container/BoundMethod::callBoundMethod(Object(Illuminate/Foundation/Application), Array, Object(Closure))
#45 D:/Projects/Zoddy/vendor/laravel/framework/src/Illuminate/Container/Container.php(799): Illuminate/Container/BoundMethod::call(Object(Illuminate/Foundation/Application), Array, Array, NULL)
#46 D:/Projects/Zoddy/vendor/laravel/framework/src/Illuminate/Console/Command.php(211): Illuminate/Container/Container->call(Array)
#47 D:/Projects/Zoddy/vendor/symfony/console/Command/Command.php(341): Illuminate/Console/Command->execute(Object(Symfony/Component/Console/Input/ArgvInput), Object(Illuminate/Console/OutputStyle))
#48 D:/Projects/Zoddy/vendor/laravel/framework/src/Illuminate/Console/Command.php(180): Symfony/Component/Console/Command/Command->run(Object(Symfony/Component/Console/Input/ArgvInput), Object(Illuminate/Console/OutputStyle))
#49 D:/Projects/Zoddy/vendor/symfony/console/Application.php(1117): Illuminate/Console/Command->run(Object(Symfony/Component/Console/Input/ArgvInput), Object(Symfony/Component/Console/Output/ConsoleOutput))
#50 D:/Projects/Zoddy/vendor/symfony/console/Application.php(356): Symfony/Component/Console/Application->doRunCommand(Object(Illuminate/Database/Console/Migrations/FreshCommand), Object(Symfony/Component/Console/Input/ArgvInput), Object(Symfony/Component/Console/Output/ConsoleOutput))
#51 D:/Projects/Zoddy/vendor/symfony/console/Application.php(195): Symfony/Component/Console/Application->doRun(Object(Symfony/Component/Console/Input/ArgvInput), Object(Symfony/Component/Console/Output/ConsoleOutput))
#52 D:/Projects/Zoddy/vendor/laravel/framework/src/Illuminate/Foundation/Console/Kernel.php(198): Symfony/Component/Console/Application->run(Object(Symfony/Component/Console/Input/ArgvInput), Object(Symfony/Component/Console/Output/ConsoleOutput))
#53 D:/Projects/Zoddy/vendor/laravel/framework/src/Illuminate/Foundation/Application.php(1235): Illuminate/Foundation/Console/Kernel->handle(Object(Symfony/Component/Console/Input/ArgvInput), Object(Symfony/Component/Console/Output/ConsoleOutput))
#54 D:/Projects/Zoddy/artisan(16): Illuminate/Foundation/Application->handleCommand(Object(Symfony/Component/Console/Input/ArgvInput))
#55 {main}
"} 
[2026-05-06 17:10:37] production.ERROR: Method Illuminate\Database\Schema\Blueprint::check does not exist. {"exception":"[object] (BadMethodCallException(code: 0): Method Illuminate\\Database\\Schema\\Blueprint::check does not exist. at D:/Projects/Zoddy/vendor/laravel/framework/src/Illuminate/Macroable/Traits/Macroable.php:115)
[stacktrace]
#0 D:/Projects/Zoddy/database/migrations/2026_05_06_170531_create_inventory_table.php(28): Illuminate/Database/Schema/Blueprint->__call('check', Array)
#1 D:/Projects/Zoddy/vendor/laravel/framework/src/Illuminate/Database/Schema/Builder.php(509): Illuminate/Database/Migrations/Migration@anonymous->{closure:Illuminate/Database/Migrations/Migration@anonymous(Object(Illuminate/Database/Schema/Blueprint))
#2 D:/Projects/Zoddy/vendor/laravel/framework/src/Illuminate/Support/helpers.php(393): Illuminate/Database/Schema/Builder->{closure:Illuminate/Database/Schema/Builder::create():506}(Object(Illuminate/Database/Schema/Blueprint))
#3 D:/Projects/Zoddy/vendor/laravel/framework/src/Illuminate/Database/Schema/Builder.php(506): tap(Object(Illuminate/Database/Schema/Blueprint), Object(Closure))
#4 D:/Projects/Zoddy/vendor/laravel/framework/src/Illuminate/Support/Facades/Facade.php(363): Illuminate/Database/Schema/Builder->create('inventory', Object(Closure))
#5 D:/Projects/Zoddy/database/migrations/2026_05_06_170531_create_inventory_table.php(14): Illuminate/Support/Facades/Facade::__callStatic('create', Array)
#6 D:/Projects/Zoddy/vendor/laravel/framework/src/Illuminate/Database/Migrations/Migrator.php(517): Illuminate/Database/Migrations/Migration@anonymous->up()
#7 D:/Projects/Zoddy/vendor/laravel/framework/src/Illuminate/Database/Migrations/Migrator.php(442): Illuminate/Database/Migrations/Migrator->runMethod(Object(Illuminate/Database/SQLiteConnection), Object(Illuminate/Database/Migrations/Migration@anonymous), 'up')
#8 D:/Projects/Zoddy/vendor/laravel/framework/src/Illuminate/Database/Migrations/Migrator.php(451): Illuminate/Database/Migrations/Migrator->{closure:Illuminate/Database/Migrations/Migrator::runMigration():438}()
#9 D:/Projects/Zoddy/vendor/laravel/framework/src/Illuminate/Database/Migrations/Migrator.php(253): Illuminate/Database/Migrations/Migrator->runMigration(Object(Illuminate/Database/Migrations/Migration@anonymous), 'up')
#10 D:/Projects/Zoddy/vendor/laravel/framework/src/Illuminate/Console/View/Components/Task.php(41): Illuminate/Database/Migrations/Migrator->{closure:Illuminate/Database/Migrations/Migrator::runUp():253}()
#11 D:/Projects/Zoddy/vendor/laravel/framework/src/Illuminate/Database/Migrations/Migrator.php(814): Illuminate/Console/View/Components/Task->render('2026_05_06_1705...', Object(Closure))
#12 D:/Projects/Zoddy/vendor/laravel/framework/src/Illuminate/Database/Migrations/Migrator.php(253): Illuminate/Database/Migrations/Migrator->write('Illuminate//Cons...', '2026_05_06_1705...', Object(Closure))
#13 D:/Projects/Zoddy/vendor/laravel/framework/src/Illuminate/Database/Migrations/Migrator.php(211): Illuminate/Database/Migrations/Migrator->runUp('D://Projects//Zod...', 1, false)
#14 D:/Projects/Zoddy/vendor/laravel/framework/src/Illuminate/Database/Migrations/Migrator.php(138): Illuminate/Database/Migrations/Migrator->runPending(Array, Array)
#15 D:/Projects/Zoddy/vendor/laravel/framework/src/Illuminate/Database/Console/Migrations/MigrateCommand.php(116): Illuminate/Database/Migrations/Migrator->run(Array, Array)
#16 D:/Projects/Zoddy/vendor/laravel/framework/src/Illuminate/Database/Migrations/Migrator.php(671): Illuminate/Database/Console/Migrations/MigrateCommand->{closure:Illuminate/Database/Console/Migrations/MigrateCommand::runMigrations():109}()
#17 D:/Projects/Zoddy/vendor/laravel/framework/src/Illuminate/Database/Console/Migrations/MigrateCommand.php(109): Illuminate/Database/Migrations/Migrator->usingConnection(NULL, Object(Closure))
#18 D:/Projects/Zoddy/vendor/laravel/framework/src/Illuminate/Database/Console/Migrations/MigrateCommand.php(88): Illuminate/Database/Console/Migrations/MigrateCommand->runMigrations()
#19 D:/Projects/Zoddy/vendor/laravel/framework/src/Illuminate/Container/BoundMethod.php(36): Illuminate/Database/Console/Migrations/MigrateCommand->handle()
#20 D:/Projects/Zoddy/vendor/laravel/framework/src/Illuminate/Container/Util.php(43): Illuminate/Container/BoundMethod::{closure:Illuminate/Container/BoundMethod::call():35}()
#21 D:/Projects/Zoddy/vendor/laravel/framework/src/Illuminate/Container/BoundMethod.php(96): Illuminate/Container/Util::unwrapIfClosure(Object(Closure))
#22 D:/Projects/Zoddy/vendor/laravel/framework/src/Illuminate/Container/BoundMethod.php(35): Illuminate/Container/BoundMethod::callBoundMethod(Object(Illuminate/Foundation/Application), Array, Object(Closure))
#23 D:/Projects/Zoddy/vendor/laravel/framework/src/Illuminate/Container/Container.php(799): Illuminate/Container/BoundMethod::call(Object(Illuminate/Foundation/Application), Array, Array, NULL)
#24 D:/Projects/Zoddy/vendor/laravel/framework/src/Illuminate/Console/Command.php(211): Illuminate/Container/Container->call(Array)
#25 D:/Projects/Zoddy/vendor/symfony/console/Command/Command.php(341): Illuminate/Console/Command->execute(Object(Symfony/Component/Console/Input/ArrayInput), Object(Illuminate/Console/OutputStyle))
#26 D:/Projects/Zoddy/vendor/laravel/framework/src/Illuminate/Console/Command.php(180): Symfony/Component/Console/Command/Command->run(Object(Symfony/Component/Console/Input/ArrayInput), Object(Illuminate/Console/OutputStyle))
#27 D:/Projects/Zoddy/vendor/laravel/framework/src/Illuminate/Console/Concerns/CallsCommands.php(68): Illuminate/Console/Command->run(Object(Symfony/Component/Console/Input/ArrayInput), Object(Illuminate/Console/OutputStyle))
#28 D:/Projects/Zoddy/vendor/laravel/framework/src/Illuminate/Console/Concerns/CallsCommands.php(29): Illuminate/Console/Command->runCommand('migrate', Array, Object(Illuminate/Console/OutputStyle))
#29 D:/Projects/Zoddy/vendor/laravel/framework/src/Illuminate/Database/Console/Migrations/FreshCommand.php(88): Illuminate/Console/Command->call('migrate', Array)
#30 D:/Projects/Zoddy/vendor/laravel/framework/src/Illuminate/Container/BoundMethod.php(36): Illuminate/Database/Console/Migrations/FreshCommand->handle()
#31 D:/Projects/Zoddy/vendor/laravel/framework/src/Illuminate/Container/Util.php(43): Illuminate/Container/BoundMethod::{closure:Illuminate/Container/BoundMethod::call():35}()
#32 D:/Projects/Zoddy/vendor/laravel/framework/src/Illuminate/Container/BoundMethod.php(96): Illuminate/Container/Util::unwrapIfClosure(Object(Closure))
#33 D:/Projects/Zoddy/vendor/laravel/framework/src/Illuminate/Container/BoundMethod.php(35): Illuminate/Container/BoundMethod::callBoundMethod(Object(Illuminate/Foundation/Application), Array, Object(Closure))
#34 D:/Projects/Zoddy/vendor/laravel/framework/src/Illuminate/Container/Container.php(799): Illuminate/Container/BoundMethod::call(Object(Illuminate/Foundation/Application), Array, Array, NULL)
#35 D:/Projects/Zoddy/vendor/laravel/framework/src/Illuminate/Console/Command.php(211): Illuminate/Container/Container->call(Array)
#36 D:/Projects/Zoddy/vendor/symfony/console/Command/Command.php(341): Illuminate/Console/Command->execute(Object(Symfony/Component/Console/Input/ArgvInput), Object(Illuminate/Console/OutputStyle))
#37 D:/Projects/Zoddy/vendor/laravel/framework/src/Illuminate/Console/Command.php(180): Symfony/Component/Console/Command/Command->run(Object(Symfony/Component/Console/Input/ArgvInput), Object(Illuminate/Console/OutputStyle))
#38 D:/Projects/Zoddy/vendor/symfony/console/Application.php(1117): Illuminate/Console/Command->run(Object(Symfony/Component/Console/Input/ArgvInput), Object(Symfony/Component/Console/Output/ConsoleOutput))
#39 D:/Projects/Zoddy/vendor/symfony/console/Application.php(356): Symfony/Component/Console/Application->doRunCommand(Object(Illuminate/Database/Console/Migrations/FreshCommand), Object(Symfony/Component/Console/Input/ArgvInput), Object(Symfony/Component/Console/Output/ConsoleOutput))
#40 D:/Projects/Zoddy/vendor/symfony/console/Application.php(195): Symfony/Component/Console/Application->doRun(Object(Symfony/Component/Console/Input/ArgvInput), Object(Symfony/Component/Console/Output/ConsoleOutput))
#41 D:/Projects/Zoddy/vendor/laravel/framework/src/Illuminate/Foundation/Console/Kernel.php(198): Symfony/Component/Console/Application->run(Object(Symfony/Component/Console/Input/ArgvInput), Object(Symfony/Component/Console/Output/ConsoleOutput))
#42 D:/Projects/Zoddy/vendor/laravel/framework/src/Illuminate/Foundation/Application.php(1235): Illuminate/Foundation/Console/Kernel->handle(Object(Symfony/Component/Console/Input/ArgvInput), Object(Symfony/Component/Console/Output/ConsoleOutput))
#43 D:/Projects/Zoddy/artisan(16): Illuminate/Foundation/Application->handleCommand(Object(Symfony/Component/Console/Input/ArgvInput))
#44 {main}
"} 
[2026-05-06 17:12:11] production.ERROR: Method Illuminate\Database\Schema\Blueprint::check does not exist. {"exception":"[object] (BadMethodCallException(code: 0): Method Illuminate\\Database\\Schema\\Blueprint::check does not exist. at D:/Projects/Zoddy/vendor/laravel/framework/src/Illuminate/Macroable/Traits/Macroable.php:115)
[stacktrace]
#0 D:/Projects/Zoddy/database/migrations/2026_05_06_170531_create_inventory_table.php(28): Illuminate/Database/Schema/Blueprint->__call('check', Array)
#1 D:/Projects/Zoddy/vendor/laravel/framework/src/Illuminate/Database/Schema/Builder.php(509): Illuminate/Database/Migrations/Migration@anonymous->{closure:Illuminate/Database/Migrations/Migration@anonymous(Object(Illuminate/Database/Schema/Blueprint))
#2 D:/Projects/Zoddy/vendor/laravel/framework/src/Illuminate/Support/helpers.php(393): Illuminate/Database/Schema/Builder->{closure:Illuminate/Database/Schema/Builder::create():506}(Object(Illuminate/Database/Schema/Blueprint))
#3 D:/Projects/Zoddy/vendor/laravel/framework/src/Illuminate/Database/Schema/Builder.php(506): tap(Object(Illuminate/Database/Schema/Blueprint), Object(Closure))
#4 D:/Projects/Zoddy/vendor/laravel/framework/src/Illuminate/Support/Facades/Facade.php(363): Illuminate/Database/Schema/Builder->create('inventory', Object(Closure))
#5 D:/Projects/Zoddy/database/migrations/2026_05_06_170531_create_inventory_table.php(14): Illuminate/Support/Facades/Facade::__callStatic('create', Array)
#6 D:/Projects/Zoddy/vendor/laravel/framework/src/Illuminate/Database/Migrations/Migrator.php(517): Illuminate/Database/Migrations/Migration@anonymous->up()
#7 D:/Projects/Zoddy/vendor/laravel/framework/src/Illuminate/Database/Migrations/Migrator.php(442): Illuminate/Database/Migrations/Migrator->runMethod(Object(Illuminate/Database/SQLiteConnection), Object(Illuminate/Database/Migrations/Migration@anonymous), 'up')
#8 D:/Projects/Zoddy/vendor/laravel/framework/src/Illuminate/Database/Migrations/Migrator.php(451): Illuminate/Database/Migrations/Migrator->{closure:Illuminate/Database/Migrations/Migrator::runMigration():438}()
#9 D:/Projects/Zoddy/vendor/laravel/framework/src/Illuminate/Database/Migrations/Migrator.php(253): Illuminate/Database/Migrations/Migrator->runMigration(Object(Illuminate/Database/Migrations/Migration@anonymous), 'up')
#10 D:/Projects/Zoddy/vendor/laravel/framework/src/Illuminate/Console/View/Components/Task.php(41): Illuminate/Database/Migrations/Migrator->{closure:Illuminate/Database/Migrations/Migrator::runUp():253}()
#11 D:/Projects/Zoddy/vendor/laravel/framework/src/Illuminate/Database/Migrations/Migrator.php(814): Illuminate/Console/View/Components/Task->render('2026_05_06_1705...', Object(Closure))
#12 D:/Projects/Zoddy/vendor/laravel/framework/src/Illuminate/Database/Migrations/Migrator.php(253): Illuminate/Database/Migrations/Migrator->write('Illuminate//Cons...', '2026_05_06_1705...', Object(Closure))
#13 D:/Projects/Zoddy/vendor/laravel/framework/src/Illuminate/Database/Migrations/Migrator.php(211): Illuminate/Database/Migrations/Migrator->runUp('D://Projects//Zod...', 1, false)
#14 D:/Projects/Zoddy/vendor/laravel/framework/src/Illuminate/Database/Migrations/Migrator.php(138): Illuminate/Database/Migrations/Migrator->runPending(Array, Array)
#15 D:/Projects/Zoddy/vendor/laravel/framework/src/Illuminate/Database/Console/Migrations/MigrateCommand.php(116): Illuminate/Database/Migrations/Migrator->run(Array, Array)
#16 D:/Projects/Zoddy/vendor/laravel/framework/src/Illuminate/Database/Migrations/Migrator.php(671): Illuminate/Database/Console/Migrations/MigrateCommand->{closure:Illuminate/Database/Console/Migrations/MigrateCommand::runMigrations():109}()
#17 D:/Projects/Zoddy/vendor/laravel/framework/src/Illuminate/Database/Console/Migrations/MigrateCommand.php(109): Illuminate/Database/Migrations/Migrator->usingConnection(NULL, Object(Closure))
#18 D:/Projects/Zoddy/vendor/laravel/framework/src/Illuminate/Database/Console/Migrations/MigrateCommand.php(88): Illuminate/Database/Console/Migrations/MigrateCommand->runMigrations()
#19 D:/Projects/Zoddy/vendor/laravel/framework/src/Illuminate/Container/BoundMethod.php(36): Illuminate/Database/Console/Migrations/MigrateCommand->handle()
#20 D:/Projects/Zoddy/vendor/laravel/framework/src/Illuminate/Container/Util.php(43): Illuminate/Container/BoundMethod::{closure:Illuminate/Container/BoundMethod::call():35}()
#21 D:/Projects/Zoddy/vendor/laravel/framework/src/Illuminate/Container/BoundMethod.php(96): Illuminate/Container/Util::unwrapIfClosure(Object(Closure))
#22 D:/Projects/Zoddy/vendor/laravel/framework/src/Illuminate/Container/BoundMethod.php(35): Illuminate/Container/BoundMethod::callBoundMethod(Object(Illuminate/Foundation/Application), Array, Object(Closure))
#23 D:/Projects/Zoddy/vendor/laravel/framework/src/Illuminate/Container/Container.php(799): Illuminate/Container/BoundMethod::call(Object(Illuminate/Foundation/Application), Array, Array, NULL)
#24 D:/Projects/Zoddy/vendor/laravel/framework/src/Illuminate/Console/Command.php(211): Illuminate/Container/Container->call(Array)
#25 D:/Projects/Zoddy/vendor/symfony/console/Command/Command.php(341): Illuminate/Console/Command->execute(Object(Symfony/Component/Console/Input/ArrayInput), Object(Illuminate/Console/OutputStyle))
#26 D:/Projects/Zoddy/vendor/laravel/framework/src/Illuminate/Console/Command.php(180): Symfony/Component/Console/Command/Command->run(Object(Symfony/Component/Console/Input/ArrayInput), Object(Illuminate/Console/OutputStyle))
#27 D:/Projects/Zoddy/vendor/laravel/framework/src/Illuminate/Console/Concerns/CallsCommands.php(68): Illuminate/Console/Command->run(Object(Symfony/Component/Console/Input/ArrayInput), Object(Illuminate/Console/OutputStyle))
#28 D:/Projects/Zoddy/vendor/laravel/framework/src/Illuminate/Console/Concerns/CallsCommands.php(29): Illuminate/Console/Command->runCommand('migrate', Array, Object(Illuminate/Console/OutputStyle))
#29 D:/Projects/Zoddy/vendor/laravel/framework/src/Illuminate/Database/Console/Migrations/FreshCommand.php(88): Illuminate/Console/Command->call('migrate', Array)
#30 D:/Projects/Zoddy/vendor/laravel/framework/src/Illuminate/Container/BoundMethod.php(36): Illuminate/Database/Console/Migrations/FreshCommand->handle()
#31 D:/Projects/Zoddy/vendor/laravel/framework/src/Illuminate/Container/Util.php(43): Illuminate/Container/BoundMethod::{closure:Illuminate/Container/BoundMethod::call():35}()
#32 D:/Projects/Zoddy/vendor/laravel/framework/src/Illuminate/Container/BoundMethod.php(96): Illuminate/Container/Util::unwrapIfClosure(Object(Closure))
#33 D:/Projects/Zoddy/vendor/laravel/framework/src/Illuminate/Container/BoundMethod.php(35): Illuminate/Container/BoundMethod::callBoundMethod(Object(Illuminate/Foundation/Application), Array, Object(Closure))
#34 D:/Projects/Zoddy/vendor/laravel/framework/src/Illuminate/Container/Container.php(799): Illuminate/Container/BoundMethod::call(Object(Illuminate/Foundation/Application), Array, Array, NULL)
#35 D:/Projects/Zoddy/vendor/laravel/framework/src/Illuminate/Console/Command.php(211): Illuminate/Container/Container->call(Array)
#36 D:/Projects/Zoddy/vendor/symfony/console/Command/Command.php(341): Illuminate/Console/Command->execute(Object(Symfony/Component/Console/Input/ArgvInput), Object(Illuminate/Console/OutputStyle))
#37 D:/Projects/Zoddy/vendor/laravel/framework/src/Illuminate/Console/Command.php(180): Symfony/Component/Console/Command/Command->run(Object(Symfony/Component/Console/Input/ArgvInput), Object(Illuminate/Console/OutputStyle))
#38 D:/Projects/Zoddy/vendor/symfony/console/Application.php(1117): Illuminate/Console/Command->run(Object(Symfony/Component/Console/Input/ArgvInput), Object(Symfony/Component/Console/Output/ConsoleOutput))
#39 D:/Projects/Zoddy/vendor/symfony/console/Application.php(356): Symfony/Component/Console/Application->doRunCommand(Object(Illuminate/Database/Console/Migrations/FreshCommand), Object(Symfony/Component/Console/Input/ArgvInput), Object(Symfony/Component/Console/Output/ConsoleOutput))
#40 D:/Projects/Zoddy/vendor/symfony/console/Application.php(195): Symfony/Component/Console/Application->doRun(Object(Symfony/Component/Console/Input/ArgvInput), Object(Symfony/Component/Console/Output/ConsoleOutput))
#41 D:/Projects/Zoddy/vendor/laravel/framework/src/Illuminate/Foundation/Console/Kernel.php(198): Symfony/Component/Console/Application->run(Object(Symfony/Component/Console/Input/ArgvInput), Object(Symfony/Component/Console/Output/ConsoleOutput))
#42 D:/Projects/Zoddy/vendor/laravel/framework/src/Illuminate/Foundation/Application.php(1235): Illuminate/Foundation/Console/Kernel->handle(Object(Symfony/Component/Console/Input/ArgvInput), Object(Symfony/Component/Console/Output/ConsoleOutput))
#43 D:/Projects/Zoddy/artisan(16): Illuminate/Foundation/Application->handleCommand(Object(Symfony/Component/Console/Input/ArgvInput))
#44 {main}
"} 
[2026-05-06 17:13:32] production.ERROR: SQLSTATE[HY000]: General error: 1 near "CONSTRAINT": syntax error (Connection: sqlite, Database: D:\Projects\Zoddy\database\database.sqlite, SQL: ALTER TABLE inventory ADD CONSTRAINT check_inventory_quantities CHECK (quantity_on_hand >= 0 AND quantity_reserved >= 0 AND quantity_on_hand >= quantity_reserved)) {"exception":"[object] (Illuminate\\Database\\QueryException(code: HY000): SQLSTATE[HY000]: General error: 1 near \"CONSTRAINT\": syntax error (Connection: sqlite, Database: D:\\Projects\\Zoddy\\database\\database.sqlite, SQL: ALTER TABLE inventory ADD CONSTRAINT check_inventory_quantities CHECK (quantity_on_hand >= 0 AND quantity_reserved >= 0 AND quantity_on_hand >= quantity_reserved)) at D:/Projects/Zoddy/vendor/laravel/framework/src/Illuminate/Database/Connection.php:838)
[stacktrace]
#0 D:/Projects/Zoddy/vendor/laravel/framework/src/Illuminate/Database/Connection.php(794): Illuminate/Database/Connection->runQueryCallback('ALTER TABLE inv...', Array, Object(Closure))
#1 D:/Projects/Zoddy/vendor/laravel/framework/src/Illuminate/Database/Connection.php(573): Illuminate/Database/Connection->run('ALTER TABLE inv...', Array, Object(Closure))
#2 D:/Projects/Zoddy/vendor/laravel/framework/src/Illuminate/Database/DatabaseManager.php(491): Illuminate/Database/Connection->statement('ALTER TABLE inv...')
#3 D:/Projects/Zoddy/vendor/laravel/framework/src/Illuminate/Support/Facades/Facade.php(363): Illuminate/Database/DatabaseManager->__call('statement', Array)
#4 D:/Projects/Zoddy/database/migrations/2026_05_06_170531_create_inventory_table.php(31): Illuminate/Support/Facades/Facade::__callStatic('statement', Array)
#5 D:/Projects/Zoddy/vendor/laravel/framework/src/Illuminate/Database/Migrations/Migrator.php(517): Illuminate/Database/Migrations/Migration@anonymous->up()
#6 D:/Projects/Zoddy/vendor/laravel/framework/src/Illuminate/Database/Migrations/Migrator.php(442): Illuminate/Database/Migrations/Migrator->runMethod(Object(Illuminate/Database/SQLiteConnection), Object(Illuminate/Database/Migrations/Migration@anonymous), 'up')
#7 D:/Projects/Zoddy/vendor/laravel/framework/src/Illuminate/Database/Migrations/Migrator.php(451): Illuminate/Database/Migrations/Migrator->{closure:Illuminate/Database/Migrations/Migrator::runMigration():438}()
#8 D:/Projects/Zoddy/vendor/laravel/framework/src/Illuminate/Database/Migrations/Migrator.php(253): Illuminate/Database/Migrations/Migrator->runMigration(Object(Illuminate/Database/Migrations/Migration@anonymous), 'up')
#9 D:/Projects/Zoddy/vendor/laravel/framework/src/Illuminate/Console/View/Components/Task.php(41): Illuminate/Database/Migrations/Migrator->{closure:Illuminate/Database/Migrations/Migrator::runUp():253}()
#10 D:/Projects/Zoddy/vendor/laravel/framework/src/Illuminate/Database/Migrations/Migrator.php(814): Illuminate/Console/View/Components/Task->render('2026_05_06_1705...', Object(Closure))
#11 D:/Projects/Zoddy/vendor/laravel/framework/src/Illuminate/Database/Migrations/Migrator.php(253): Illuminate/Database/Migrations/Migrator->write('Illuminate//Cons...', '2026_05_06_1705...', Object(Closure))
#12 D:/Projects/Zoddy/vendor/laravel/framework/src/Illuminate/Database/Migrations/Migrator.php(211): Illuminate/Database/Migrations/Migrator->runUp('D://Projects//Zod...', 1, false)
#13 D:/Projects/Zoddy/vendor/laravel/framework/src/Illuminate/Database/Migrations/Migrator.php(138): Illuminate/Database/Migrations/Migrator->runPending(Array, Array)
#14 D:/Projects/Zoddy/vendor/laravel/framework/src/Illuminate/Database/Console/Migrations/MigrateCommand.php(116): Illuminate/Database/Migrations/Migrator->run(Array, Array)
#15 D:/Projects/Zoddy/vendor/laravel/framework/src/Illuminate/Database/Migrations/Migrator.php(671): Illuminate/Database/Console/Migrations/MigrateCommand->{closure:Illuminate/Database/Console/Migrations/MigrateCommand::runMigrations():109}()
#16 D:/Projects/Zoddy/vendor/laravel/framework/src/Illuminate/Database/Console/Migrations/MigrateCommand.php(109): Illuminate/Database/Migrations/Migrator->usingConnection(NULL, Object(Closure))
#17 D:/Projects/Zoddy/vendor/laravel/framework/src/Illuminate/Database/Console/Migrations/MigrateCommand.php(88): Illuminate/Database/Console/Migrations/MigrateCommand->runMigrations()
#18 D:/Projects/Zoddy/vendor/laravel/framework/src/Illuminate/Container/BoundMethod.php(36): Illuminate/Database/Console/Migrations/MigrateCommand->handle()
#19 D:/Projects/Zoddy/vendor/laravel/framework/src/Illuminate/Container/Util.php(43): Illuminate/Container/BoundMethod::{closure:Illuminate/Container/BoundMethod::call():35}()
#20 D:/Projects/Zoddy/vendor/laravel/framework/src/Illuminate/Container/BoundMethod.php(96): Illuminate/Container/Util::unwrapIfClosure(Object(Closure))
#21 D:/Projects/Zoddy/vendor/laravel/framework/src/Illuminate/Container/BoundMethod.php(35): Illuminate/Container/BoundMethod::callBoundMethod(Object(Illuminate/Foundation/Application), Array, Object(Closure))
#22 D:/Projects/Zoddy/vendor/laravel/framework/src/Illuminate/Container/Container.php(799): Illuminate/Container/BoundMethod::call(Object(Illuminate/Foundation/Application), Array, Array, NULL)
#23 D:/Projects/Zoddy/vendor/laravel/framework/src/Illuminate/Console/Command.php(211): Illuminate/Container/Container->call(Array)
#24 D:/Projects/Zoddy/vendor/symfony/console/Command/Command.php(341): Illuminate/Console/Command->execute(Object(Symfony/Component/Console/Input/ArrayInput), Object(Illuminate/Console/OutputStyle))
#25 D:/Projects/Zoddy/vendor/laravel/framework/src/Illuminate/Console/Command.php(180): Symfony/Component/Console/Command/Command->run(Object(Symfony/Component/Console/Input/ArrayInput), Object(Illuminate/Console/OutputStyle))
#26 D:/Projects/Zoddy/vendor/laravel/framework/src/Illuminate/Console/Concerns/CallsCommands.php(68): Illuminate/Console/Command->run(Object(Symfony/Component/Console/Input/ArrayInput), Object(Illuminate/Console/OutputStyle))
#27 D:/Projects/Zoddy/vendor/laravel/framework/src/Illuminate/Console/Concerns/CallsCommands.php(29): Illuminate/Console/Command->runCommand('migrate', Array, Object(Illuminate/Console/OutputStyle))
#28 D:/Projects/Zoddy/vendor/laravel/framework/src/Illuminate/Database/Console/Migrations/FreshCommand.php(88): Illuminate/Console/Command->call('migrate', Array)
#29 D:/Projects/Zoddy/vendor/laravel/framework/src/Illuminate/Container/BoundMethod.php(36): Illuminate/Database/Console/Migrations/FreshCommand->handle()
#30 D:/Projects/Zoddy/vendor/laravel/framework/src/Illuminate/Container/Util.php(43): Illuminate/Container/BoundMethod::{closure:Illuminate/Container/BoundMethod::call():35}()
#31 D:/Projects/Zoddy/vendor/laravel/framework/src/Illuminate/Container/BoundMethod.php(96): Illuminate/Container/Util::unwrapIfClosure(Object(Closure))
#32 D:/Projects/Zoddy/vendor/laravel/framework/src/Illuminate/Container/BoundMethod.php(35): Illuminate/Container/BoundMethod::callBoundMethod(Object(Illuminate/Foundation/Application), Array, Object(Closure))
#33 D:/Projects/Zoddy/vendor/laravel/framework/src/Illuminate/Container/Container.php(799): Illuminate/Container/BoundMethod::call(Object(Illuminate/Foundation/Application), Array, Array, NULL)
#34 D:/Projects/Zoddy/vendor/laravel/framework/src/Illuminate/Console/Command.php(211): Illuminate/Container/Container->call(Array)
#35 D:/Projects/Zoddy/vendor/symfony/console/Command/Command.php(341): Illuminate/Console/Command->execute(Object(Symfony/Component/Console/Input/ArgvInput), Object(Illuminate/Console/OutputStyle))
#36 D:/Projects/Zoddy/vendor/laravel/framework/src/Illuminate/Console/Command.php(180): Symfony/Component/Console/Command/Command->run(Object(Symfony/Component/Console/Input/ArgvInput), Object(Illuminate/Console/OutputStyle))
#37 D:/Projects/Zoddy/vendor/symfony/console/Application.php(1117): Illuminate/Console/Command->run(Object(Symfony/Component/Console/Input/ArgvInput), Object(Symfony/Component/Console/Output/ConsoleOutput))
#38 D:/Projects/Zoddy/vendor/symfony/console/Application.php(356): Symfony/Component/Console/Application->doRunCommand(Object(Illuminate/Database/Console/Migrations/FreshCommand), Object(Symfony/Component/Console/Input/ArgvInput), Object(Symfony/Component/Console/Output/ConsoleOutput))
#39 D:/Projects/Zoddy/vendor/symfony/console/Application.php(195): Symfony/Component/Console/Application->doRun(Object(Symfony/Component/Console/Input/ArgvInput), Object(Symfony/Component/Console/Output/ConsoleOutput))
#40 D:/Projects/Zoddy/vendor/laravel/framework/src/Illuminate/Foundation/Console/Kernel.php(198): Symfony/Component/Console/Application->run(Object(Symfony/Component/Console/Input/ArgvInput), Object(Symfony/Component/Console/Output/ConsoleOutput))
#41 D:/Projects/Zoddy/vendor/laravel/framework/src/Illuminate/Foundation/Application.php(1235): Illuminate/Foundation/Console/Kernel->handle(Object(Symfony/Component/Console/Input/ArgvInput), Object(Symfony/Component/Console/Output/ConsoleOutput))
#42 D:/Projects/Zoddy/artisan(16): Illuminate/Foundation/Application->handleCommand(Object(Symfony/Component/Console/Input/ArgvInput))
#43 {main}

[previous exception] [object] (PDOException(code: HY000): SQLSTATE[HY000]: General error: 1 near \"CONSTRAINT\": syntax error at D:/Projects/Zoddy/vendor/laravel/framework/src/Illuminate/Database/Connection.php:578)
[stacktrace]
#0 D:/Projects/Zoddy/vendor/laravel/framework/src/Illuminate/Database/Connection.php(578): PDO->prepare('ALTER TABLE inv...')
#1 D:/Projects/Zoddy/vendor/laravel/framework/src/Illuminate/Database/Connection.php(827): Illuminate/Database/Connection->{closure:Illuminate/Database/Connection::statement():573}('ALTER TABLE inv...', Array)
#2 D:/Projects/Zoddy/vendor/laravel/framework/src/Illuminate/Database/Connection.php(794): Illuminate/Database/Connection->runQueryCallback('ALTER TABLE inv...', Array, Object(Closure))
#3 D:/Projects/Zoddy/vendor/laravel/framework/src/Illuminate/Database/Connection.php(573): Illuminate/Database/Connection->run('ALTER TABLE inv...', Array, Object(Closure))
#4 D:/Projects/Zoddy/vendor/laravel/framework/src/Illuminate/Database/DatabaseManager.php(491): Illuminate/Database/Connection->statement('ALTER TABLE inv...')
#5 D:/Projects/Zoddy/vendor/laravel/framework/src/Illuminate/Support/Facades/Facade.php(363): Illuminate/Database/DatabaseManager->__call('statement', Array)
#6 D:/Projects/Zoddy/database/migrations/2026_05_06_170531_create_inventory_table.php(31): Illuminate/Support/Facades/Facade::__callStatic('statement', Array)
#7 D:/Projects/Zoddy/vendor/laravel/framework/src/Illuminate/Database/Migrations/Migrator.php(517): Illuminate/Database/Migrations/Migration@anonymous->up()
#8 D:/Projects/Zoddy/vendor/laravel/framework/src/Illuminate/Database/Migrations/Migrator.php(442): Illuminate/Database/Migrations/Migrator->runMethod(Object(Illuminate/Database/SQLiteConnection), Object(Illuminate/Database/Migrations/Migration@anonymous), 'up')
#9 D:/Projects/Zoddy/vendor/laravel/framework/src/Illuminate/Database/Migrations/Migrator.php(451): Illuminate/Database/Migrations/Migrator->{closure:Illuminate/Database/Migrations/Migrator::runMigration():438}()
#10 D:/Projects/Zoddy/vendor/laravel/framework/src/Illuminate/Database/Migrations/Migrator.php(253): Illuminate/Database/Migrations/Migrator->runMigration(Object(Illuminate/Database/Migrations/Migration@anonymous), 'up')
#11 D:/Projects/Zoddy/vendor/laravel/framework/src/Illuminate/Console/View/Components/Task.php(41): Illuminate/Database/Migrations/Migrator->{closure:Illuminate/Database/Migrations/Migrator::runUp():253}()
#12 D:/Projects/Zoddy/vendor/laravel/framework/src/Illuminate/Database/Migrations/Migrator.php(814): Illuminate/Console/View/Components/Task->render('2026_05_06_1705...', Object(Closure))
#13 D:/Projects/Zoddy/vendor/laravel/framework/src/Illuminate/Database/Migrations/Migrator.php(253): Illuminate/Database/Migrations/Migrator->write('Illuminate//Cons...', '2026_05_06_1705...', Object(Closure))
#14 D:/Projects/Zoddy/vendor/laravel/framework/src/Illuminate/Database/Migrations/Migrator.php(211): Illuminate/Database/Migrations/Migrator->runUp('D://Projects//Zod...', 1, false)
#15 D:/Projects/Zoddy/vendor/laravel/framework/src/Illuminate/Database/Migrations/Migrator.php(138): Illuminate/Database/Migrations/Migrator->runPending(Array, Array)
#16 D:/Projects/Zoddy/vendor/laravel/framework/src/Illuminate/Database/Console/Migrations/MigrateCommand.php(116): Illuminate/Database/Migrations/Migrator->run(Array, Array)
#17 D:/Projects/Zoddy/vendor/laravel/framework/src/Illuminate/Database/Migrations/Migrator.php(671): Illuminate/Database/Console/Migrations/MigrateCommand->{closure:Illuminate/Database/Console/Migrations/MigrateCommand::runMigrations():109}()
#18 D:/Projects/Zoddy/vendor/laravel/framework/src/Illuminate/Database/Console/Migrations/MigrateCommand.php(109): Illuminate/Database/Migrations/Migrator->usingConnection(NULL, Object(Closure))
#19 D:/Projects/Zoddy/vendor/laravel/framework/src/Illuminate/Database/Console/Migrations/MigrateCommand.php(88): Illuminate/Database/Console/Migrations/MigrateCommand->runMigrations()
#20 D:/Projects/Zoddy/vendor/laravel/framework/src/Illuminate/Container/BoundMethod.php(36): Illuminate/Database/Console/Migrations/MigrateCommand->handle()
#21 D:/Projects/Zoddy/vendor/laravel/framework/src/Illuminate/Container/Util.php(43): Illuminate/Container/BoundMethod::{closure:Illuminate/Container/BoundMethod::call():35}()
#22 D:/Projects/Zoddy/vendor/laravel/framework/src/Illuminate/Container/BoundMethod.php(96): Illuminate/Container/Util::unwrapIfClosure(Object(Closure))
#23 D:/Projects/Zoddy/vendor/laravel/framework/src/Illuminate/Container/BoundMethod.php(35): Illuminate/Container/BoundMethod::callBoundMethod(Object(Illuminate/Foundation/Application), Array, Object(Closure))
#24 D:/Projects/Zoddy/vendor/laravel/framework/src/Illuminate/Container/Container.php(799): Illuminate/Container/BoundMethod::call(Object(Illuminate/Foundation/Application), Array, Array, NULL)
#25 D:/Projects/Zoddy/vendor/laravel/framework/src/Illuminate/Console/Command.php(211): Illuminate/Container/Container->call(Array)
#26 D:/Projects/Zoddy/vendor/symfony/console/Command/Command.php(341): Illuminate/Console/Command->execute(Object(Symfony/Component/Console/Input/ArrayInput), Object(Illuminate/Console/OutputStyle))
#27 D:/Projects/Zoddy/vendor/laravel/framework/src/Illuminate/Console/Command.php(180): Symfony/Component/Console/Command/Command->run(Object(Symfony/Component/Console/Input/ArrayInput), Object(Illuminate/Console/OutputStyle))
#28 D:/Projects/Zoddy/vendor/laravel/framework/src/Illuminate/Console/Concerns/CallsCommands.php(68): Illuminate/Console/Command->run(Object(Symfony/Component/Console/Input/ArrayInput), Object(Illuminate/Console/OutputStyle))
#29 D:/Projects/Zoddy/vendor/laravel/framework/src/Illuminate/Console/Concerns/CallsCommands.php(29): Illuminate/Console/Command->runCommand('migrate', Array, Object(Illuminate/Console/OutputStyle))
#30 D:/Projects/Zoddy/vendor/laravel/framework/src/Illuminate/Database/Console/Migrations/FreshCommand.php(88): Illuminate/Console/Command->call('migrate', Array)
#31 D:/Projects/Zoddy/vendor/laravel/framework/src/Illuminate/Container/BoundMethod.php(36): Illuminate/Database/Console/Migrations/FreshCommand->handle()
#32 D:/Projects/Zoddy/vendor/laravel/framework/src/Illuminate/Container/Util.php(43): Illuminate/Container/BoundMethod::{closure:Illuminate/Container/BoundMethod::call():35}()
#33 D:/Projects/Zoddy/vendor/laravel/framework/src/Illuminate/Container/BoundMethod.php(96): Illuminate/Container/Util::unwrapIfClosure(Object(Closure))
#34 D:/Projects/Zoddy/vendor/laravel/framework/src/Illuminate/Container/BoundMethod.php(35): Illuminate/Container/BoundMethod::callBoundMethod(Object(Illuminate/Foundation/Application), Array, Object(Closure))
#35 D:/Projects/Zoddy/vendor/laravel/framework/src/Illuminate/Container/Container.php(799): Illuminate/Container/BoundMethod::call(Object(Illuminate/Foundation/Application), Array, Array, NULL)
#36 D:/Projects/Zoddy/vendor/laravel/framework/src/Illuminate/Console/Command.php(211): Illuminate/Container/Container->call(Array)
#37 D:/Projects/Zoddy/vendor/symfony/console/Command/Command.php(341): Illuminate/Console/Command->execute(Object(Symfony/Component/Console/Input/ArgvInput), Object(Illuminate/Console/OutputStyle))
#38 D:/Projects/Zoddy/vendor/laravel/framework/src/Illuminate/Console/Command.php(180): Symfony/Component/Console/Command/Command->run(Object(Symfony/Component/Console/Input/ArgvInput), Object(Illuminate/Console/OutputStyle))
#39 D:/Projects/Zoddy/vendor/symfony/console/Application.php(1117): Illuminate/Console/Command->run(Object(Symfony/Component/Console/Input/ArgvInput), Object(Symfony/Component/Console/Output/ConsoleOutput))
#40 D:/Projects/Zoddy/vendor/symfony/console/Application.php(356): Symfony/Component/Console/Application->doRunCommand(Object(Illuminate/Database/Console/Migrations/FreshCommand), Object(Symfony/Component/Console/Input/ArgvInput), Object(Symfony/Component/Console/Output/ConsoleOutput))
#41 D:/Projects/Zoddy/vendor/symfony/console/Application.php(195): Symfony/Component/Console/Application->doRun(Object(Symfony/Component/Console/Input/ArgvInput), Object(Symfony/Component/Console/Output/ConsoleOutput))
#42 D:/Projects/Zoddy/vendor/laravel/framework/src/Illuminate/Foundation/Console/Kernel.php(198): Symfony/Component/Console/Application->run(Object(Symfony/Component/Console/Input/ArgvInput), Object(Symfony/Component/Console/Output/ConsoleOutput))
#43 D:/Projects/Zoddy/vendor/laravel/framework/src/Illuminate/Foundation/Application.php(1235): Illuminate/Foundation/Console/Kernel->handle(Object(Symfony/Component/Console/Input/ArgvInput), Object(Symfony/Component/Console/Output/ConsoleOutput))
#44 D:/Projects/Zoddy/artisan(16): Illuminate/Foundation/Application->handleCommand(Object(Symfony/Component/Console/Input/ArgvInput))
#45 {main}
"} 
[2026-05-06 18:12:09] local.ERROR: Trait "Laravel\Scout\Searchable" not found {"exception":"[object] (Symfony\\Component\\ErrorHandler\\Error\\FatalError(code: 0): Trait \"Laravel\\Scout\\Searchable\" not found at D:/Projects/Zoddy/app/Models/Tenant/Order/Order.php:19)
[stacktrace]
#0 {main}
"} 
[2026-05-06 18:24:46] local.ERROR: SQLSTATE[08006] [7] connection to server at "127.0.0.1", port 5432 failed: Connection refused (0x0000274D/10061)
	Is the server running on that host and accepting TCP/IP connections? (Connection: pgsql, Host: 127.0.0.1, Port: 5432, Database: youracademy, SQL: delete from "cache") {"exception":"[object] (Illuminate\\Database\\QueryException(code: 7): SQLSTATE[08006] [7] connection to server at \"127.0.0.1\", port 5432 failed: Connection refused (0x0000274D/10061)
\tIs the server running on that host and accepting TCP/IP connections? (Connection: pgsql, Host: 127.0.0.1, Port: 5432, Database: youracademy, SQL: delete from \"cache\") at D:/Projects/Zoddy/vendor/laravel/framework/src/Illuminate/Database/Connection.php:838)
[stacktrace]
#0 D:/Projects/Zoddy/vendor/laravel/framework/src/Illuminate/Database/Connection.php(794): Illuminate/Database/Connection->runQueryCallback('delete from \"ca...', Array, Object(Closure))
#1 D:/Projects/Zoddy/vendor/laravel/framework/src/Illuminate/Database/Connection.php(597): Illuminate/Database/Connection->run('delete from \"ca...', Array, Object(Closure))
#2 D:/Projects/Zoddy/vendor/laravel/framework/src/Illuminate/Database/Connection.php(561): Illuminate/Database/Connection->affectingStatement('delete from \"ca...', Array)
#3 D:/Projects/Zoddy/vendor/laravel/framework/src/Illuminate/Database/Query/Builder.php(4426): Illuminate/Database/Connection->delete('delete from \"ca...', Array)
#4 D:/Projects/Zoddy/vendor/laravel/framework/src/Illuminate/Cache/DatabaseStore.php(433): Illuminate/Database/Query/Builder->delete()
#5 D:/Projects/Zoddy/vendor/laravel/framework/src/Illuminate/Cache/Repository.php(979): Illuminate/Cache/DatabaseStore->flush()
#6 D:/Projects/Zoddy/vendor/laravel/framework/src/Illuminate/Cache/Console/ClearCommand.php(68): Illuminate/Cache/Repository->__call('flush', Array)
#7 D:/Projects/Zoddy/vendor/laravel/framework/src/Illuminate/Container/BoundMethod.php(36): Illuminate/Cache/Console/ClearCommand->handle()
#8 D:/Projects/Zoddy/vendor/laravel/framework/src/Illuminate/Container/Util.php(43): Illuminate/Container/BoundMethod::{closure:Illuminate/Container/BoundMethod::call():35}()
#9 D:/Projects/Zoddy/vendor/laravel/framework/src/Illuminate/Container/BoundMethod.php(96): Illuminate/Container/Util::unwrapIfClosure(Object(Closure))
#10 D:/Projects/Zoddy/vendor/laravel/framework/src/Illuminate/Container/BoundMethod.php(35): Illuminate/Container/BoundMethod::callBoundMethod(Object(Illuminate/Foundation/Application), Array, Object(Closure))
#11 D:/Projects/Zoddy/vendor/laravel/framework/src/Illuminate/Container/Container.php(799): Illuminate/Container/BoundMethod::call(Object(Illuminate/Foundation/Application), Array, Array, NULL)
#12 D:/Projects/Zoddy/vendor/laravel/framework/src/Illuminate/Console/Command.php(211): Illuminate/Container/Container->call(Array)
#13 D:/Projects/Zoddy/vendor/symfony/console/Command/Command.php(341): Illuminate/Console/Command->execute(Object(Symfony/Component/Console/Input/ArrayInput), Object(Illuminate/Console/OutputStyle))
#14 D:/Projects/Zoddy/vendor/laravel/framework/src/Illuminate/Console/Command.php(180): Symfony/Component/Console/Command/Command->run(Object(Symfony/Component/Console/Input/ArrayInput), Object(Illuminate/Console/OutputStyle))
#15 D:/Projects/Zoddy/vendor/laravel/framework/src/Illuminate/Console/Concerns/CallsCommands.php(68): Illuminate/Console/Command->run(Object(Symfony/Component/Console/Input/ArrayInput), Object(Symfony/Component/Console/Output/NullOutput))
#16 D:/Projects/Zoddy/vendor/laravel/framework/src/Illuminate/Console/Concerns/CallsCommands.php(41): Illuminate/Console/Command->runCommand('cache:clear', Array, Object(Symfony/Component/Console/Output/NullOutput))
#17 D:/Projects/Zoddy/vendor/laravel/framework/src/Illuminate/Console/Concerns/CallsCommands.php(53): Illuminate/Console/Command->callSilent('cache:clear', Array)
#18 D:/Projects/Zoddy/vendor/laravel/framework/src/Illuminate/Foundation/Console/OptimizeClearCommand.php(48): Illuminate/Console/Command->callSilently('cache:clear')
#19 D:/Projects/Zoddy/vendor/laravel/framework/src/Illuminate/Console/View/Components/Task.php(41): Illuminate/Foundation/Console/OptimizeClearCommand->{closure:Illuminate/Foundation/Console/OptimizeClearCommand::handle():48}()
#20 D:/Projects/Zoddy/vendor/laravel/framework/src/Illuminate/Console/View/Components/Factory.php(59): Illuminate/Console/View/Components/Task->render('cache', Object(Closure))
#21 D:/Projects/Zoddy/vendor/laravel/framework/src/Illuminate/Foundation/Console/OptimizeClearCommand.php(48): Illuminate/Console/View/Components/Factory->__call('task', Array)
#22 D:/Projects/Zoddy/vendor/laravel/framework/src/Illuminate/Container/BoundMethod.php(36): Illuminate/Foundation/Console/OptimizeClearCommand->handle()
#23 D:/Projects/Zoddy/vendor/laravel/framework/src/Illuminate/Container/Util.php(43): Illuminate/Container/BoundMethod::{closure:Illuminate/Container/BoundMethod::call():35}()
#24 D:/Projects/Zoddy/vendor/laravel/framework/src/Illuminate/Container/BoundMethod.php(96): Illuminate/Container/Util::unwrapIfClosure(Object(Closure))
#25 D:/Projects/Zoddy/vendor/laravel/framework/src/Illuminate/Container/BoundMethod.php(35): Illuminate/Container/BoundMethod::callBoundMethod(Object(Illuminate/Foundation/Application), Array, Object(Closure))
#26 D:/Projects/Zoddy/vendor/laravel/framework/src/Illuminate/Container/Container.php(799): Illuminate/Container/BoundMethod::call(Object(Illuminate/Foundation/Application), Array, Array, NULL)
#27 D:/Projects/Zoddy/vendor/laravel/framework/src/Illuminate/Console/Command.php(211): Illuminate/Container/Container->call(Array)
#28 D:/Projects/Zoddy/vendor/symfony/console/Command/Command.php(341): Illuminate/Console/Command->execute(Object(Symfony/Component/Console/Input/ArgvInput), Object(Illuminate/Console/OutputStyle))
#29 D:/Projects/Zoddy/vendor/laravel/framework/src/Illuminate/Console/Command.php(180): Symfony/Component/Console/Command/Command->run(Object(Symfony/Component/Console/Input/ArgvInput), Object(Illuminate/Console/OutputStyle))
#30 D:/Projects/Zoddy/vendor/symfony/console/Application.php(1117): Illuminate/Console/Command->run(Object(Symfony/Component/Console/Input/ArgvInput), Object(Symfony/Component/Console/Output/ConsoleOutput))
#31 D:/Projects/Zoddy/vendor/symfony/console/Application.php(356): Symfony/Component/Console/Application->doRunCommand(Object(Illuminate/Foundation/Console/OptimizeClearCommand), Object(Symfony/Component/Console/Input/ArgvInput), Object(Symfony/Component/Console/Output/ConsoleOutput))
#32 D:/Projects/Zoddy/vendor/symfony/console/Application.php(195): Symfony/Component/Console/Application->doRun(Object(Symfony/Component/Console/Input/ArgvInput), Object(Symfony/Component/Console/Output/ConsoleOutput))
#33 D:/Projects/Zoddy/vendor/laravel/framework/src/Illuminate/Foundation/Console/Kernel.php(198): Symfony/Component/Console/Application->run(Object(Symfony/Component/Console/Input/ArgvInput), Object(Symfony/Component/Console/Output/ConsoleOutput))
#34 D:/Projects/Zoddy/vendor/laravel/framework/src/Illuminate/Foundation/Application.php(1235): Illuminate/Foundation/Console/Kernel->handle(Object(Symfony/Component/Console/Input/ArgvInput), Object(Symfony/Component/Console/Output/ConsoleOutput))
#35 D:/Projects/Zoddy/artisan(18): Illuminate/Foundation/Application->handleCommand(Object(Symfony/Component/Console/Input/ArgvInput))
#36 {main}

[previous exception] [object] (PDOException(code: 7): SQLSTATE[08006] [7] connection to server at \"127.0.0.1\", port 5432 failed: Connection refused (0x0000274D/10061)
\tIs the server running on that host and accepting TCP/IP connections? at D:/Projects/Zoddy/vendor/laravel/framework/src/Illuminate/Database/Connectors/Connector.php:67)
[stacktrace]
#0 D:/Projects/Zoddy/vendor/laravel/framework/src/Illuminate/Database/Connectors/Connector.php(67): PDO::connect('pgsql:host=127....', 'root', Object(SensitiveParameterValue), Array)
#1 D:/Projects/Zoddy/vendor/laravel/framework/src/Illuminate/Database/Connectors/Connector.php(44): Illuminate/Database/Connectors/Connector->createPdoConnection('pgsql:host=127....', 'root', Object(SensitiveParameterValue), Array)
#2 D:/Projects/Zoddy/vendor/laravel/framework/src/Illuminate/Database/Connectors/PostgresConnector.php(35): Illuminate/Database/Connectors/Connector->createConnection('pgsql:host=127....', Array, Array)
#3 D:/Projects/Zoddy/vendor/laravel/framework/src/Illuminate/Database/Connectors/ConnectionFactory.php(186): Illuminate/Database/Connectors/PostgresConnector->connect(Array)
#4 [internal function]: Illuminate/Database/Connectors/ConnectionFactory->{closure:Illuminate/Database/Connectors/ConnectionFactory::createPdoResolverWithHosts():181}()
#5 D:/Projects/Zoddy/vendor/laravel/framework/src/Illuminate/Database/Connection.php(1257): call_user_func(Object(Closure))
#6 D:/Projects/Zoddy/vendor/laravel/framework/src/Illuminate/Database/Connection.php(605): Illuminate/Database/Connection->getPdo()
#7 D:/Projects/Zoddy/vendor/laravel/framework/src/Illuminate/Database/Connection.php(827): Illuminate/Database/Connection->{closure:Illuminate/Database/Connection::affectingStatement():597}('delete from \"ca...', Array)
#8 D:/Projects/Zoddy/vendor/laravel/framework/src/Illuminate/Database/Connection.php(794): Illuminate/Database/Connection->runQueryCallback('delete from \"ca...', Array, Object(Closure))
#9 D:/Projects/Zoddy/vendor/laravel/framework/src/Illuminate/Database/Connection.php(597): Illuminate/Database/Connection->run('delete from \"ca...', Array, Object(Closure))
#10 D:/Projects/Zoddy/vendor/laravel/framework/src/Illuminate/Database/Connection.php(561): Illuminate/Database/Connection->affectingStatement('delete from \"ca...', Array)
#11 D:/Projects/Zoddy/vendor/laravel/framework/src/Illuminate/Database/Query/Builder.php(4426): Illuminate/Database/Connection->delete('delete from \"ca...', Array)
#12 D:/Projects/Zoddy/vendor/laravel/framework/src/Illuminate/Cache/DatabaseStore.php(433): Illuminate/Database/Query/Builder->delete()
#13 D:/Projects/Zoddy/vendor/laravel/framework/src/Illuminate/Cache/Repository.php(979): Illuminate/Cache/DatabaseStore->flush()
#14 D:/Projects/Zoddy/vendor/laravel/framework/src/Illuminate/Cache/Console/ClearCommand.php(68): Illuminate/Cache/Repository->__call('flush', Array)
#15 D:/Projects/Zoddy/vendor/laravel/framework/src/Illuminate/Container/BoundMethod.php(36): Illuminate/Cache/Console/ClearCommand->handle()
#16 D:/Projects/Zoddy/vendor/laravel/framework/src/Illuminate/Container/Util.php(43): Illuminate/Container/BoundMethod::{closure:Illuminate/Container/BoundMethod::call():35}()
#17 D:/Projects/Zoddy/vendor/laravel/framework/src/Illuminate/Container/BoundMethod.php(96): Illuminate/Container/Util::unwrapIfClosure(Object(Closure))
#18 D:/Projects/Zoddy/vendor/laravel/framework/src/Illuminate/Container/BoundMethod.php(35): Illuminate/Container/BoundMethod::callBoundMethod(Object(Illuminate/Foundation/Application), Array, Object(Closure))
#19 D:/Projects/Zoddy/vendor/laravel/framework/src/Illuminate/Container/Container.php(799): Illuminate/Container/BoundMethod::call(Object(Illuminate/Foundation/Application), Array, Array, NULL)
#20 D:/Projects/Zoddy/vendor/laravel/framework/src/Illuminate/Console/Command.php(211): Illuminate/Container/Container->call(Array)
#21 D:/Projects/Zoddy/vendor/symfony/console/Command/Command.php(341): Illuminate/Console/Command->execute(Object(Symfony/Component/Console/Input/ArrayInput), Object(Illuminate/Console/OutputStyle))
#22 D:/Projects/Zoddy/vendor/laravel/framework/src/Illuminate/Console/Command.php(180): Symfony/Component/Console/Command/Command->run(Object(Symfony/Component/Console/Input/ArrayInput), Object(Illuminate/Console/OutputStyle))
#23 D:/Projects/Zoddy/vendor/laravel/framework/src/Illuminate/Console/Concerns/CallsCommands.php(68): Illuminate/Console/Command->run(Object(Symfony/Component/Console/Input/ArrayInput), Object(Symfony/Component/Console/Output/NullOutput))
#24 D:/Projects/Zoddy/vendor/laravel/framework/src/Illuminate/Console/Concerns/CallsCommands.php(41): Illuminate/Console/Command->runCommand('cache:clear', Array, Object(Symfony/Component/Console/Output/NullOutput))
#25 D:/Projects/Zoddy/vendor/laravel/framework/src/Illuminate/Console/Concerns/CallsCommands.php(53): Illuminate/Console/Command->callSilent('cache:clear', Array)
#26 D:/Projects/Zoddy/vendor/laravel/framework/src/Illuminate/Foundation/Console/OptimizeClearCommand.php(48): Illuminate/Console/Command->callSilently('cache:clear')
#27 D:/Projects/Zoddy/vendor/laravel/framework/src/Illuminate/Console/View/Components/Task.php(41): Illuminate/Foundation/Console/OptimizeClearCommand->{closure:Illuminate/Foundation/Console/OptimizeClearCommand::handle():48}()
#28 D:/Projects/Zoddy/vendor/laravel/framework/src/Illuminate/Console/View/Components/Factory.php(59): Illuminate/Console/View/Components/Task->render('cache', Object(Closure))
#29 D:/Projects/Zoddy/vendor/laravel/framework/src/Illuminate/Foundation/Console/OptimizeClearCommand.php(48): Illuminate/Console/View/Components/Factory->__call('task', Array)
#30 D:/Projects/Zoddy/vendor/laravel/framework/src/Illuminate/Container/BoundMethod.php(36): Illuminate/Foundation/Console/OptimizeClearCommand->handle()
#31 D:/Projects/Zoddy/vendor/laravel/framework/src/Illuminate/Container/Util.php(43): Illuminate/Container/BoundMethod::{closure:Illuminate/Container/BoundMethod::call():35}()
#32 D:/Projects/Zoddy/vendor/laravel/framework/src/Illuminate/Container/BoundMethod.php(96): Illuminate/Container/Util::unwrapIfClosure(Object(Closure))
#33 D:/Projects/Zoddy/vendor/laravel/framework/src/Illuminate/Container/BoundMethod.php(35): Illuminate/Container/BoundMethod::callBoundMethod(Object(Illuminate/Foundation/Application), Array, Object(Closure))
#34 D:/Projects/Zoddy/vendor/laravel/framework/src/Illuminate/Container/Container.php(799): Illuminate/Container/BoundMethod::call(Object(Illuminate/Foundation/Application), Array, Array, NULL)
#35 D:/Projects/Zoddy/vendor/laravel/framework/src/Illuminate/Console/Command.php(211): Illuminate/Container/Container->call(Array)
#36 D:/Projects/Zoddy/vendor/symfony/console/Command/Command.php(341): Illuminate/Console/Command->execute(Object(Symfony/Component/Console/Input/ArgvInput), Object(Illuminate/Console/OutputStyle))
#37 D:/Projects/Zoddy/vendor/laravel/framework/src/Illuminate/Console/Command.php(180): Symfony/Component/Console/Command/Command->run(Object(Symfony/Component/Console/Input/ArgvInput), Object(Illuminate/Console/OutputStyle))
#38 D:/Projects/Zoddy/vendor/symfony/console/Application.php(1117): Illuminate/Console/Command->run(Object(Symfony/Component/Console/Input/ArgvInput), Object(Symfony/Component/Console/Output/ConsoleOutput))
#39 D:/Projects/Zoddy/vendor/symfony/console/Application.php(356): Symfony/Component/Console/Application->doRunCommand(Object(Illuminate/Foundation/Console/OptimizeClearCommand), Object(Symfony/Component/Console/Input/ArgvInput), Object(Symfony/Component/Console/Output/ConsoleOutput))
#40 D:/Projects/Zoddy/vendor/symfony/console/Application.php(195): Symfony/Component/Console/Application->doRun(Object(Symfony/Component/Console/Input/ArgvInput), Object(Symfony/Component/Console/Output/ConsoleOutput))
#41 D:/Projects/Zoddy/vendor/laravel/framework/src/Illuminate/Foundation/Console/Kernel.php(198): Symfony/Component/Console/Application->run(Object(Symfony/Component/Console/Input/ArgvInput), Object(Symfony/Component/Console/Output/ConsoleOutput))
#42 D:/Projects/Zoddy/vendor/laravel/framework/src/Illuminate/Foundation/Application.php(1235): Illuminate/Foundation/Console/Kernel->handle(Object(Symfony/Component/Console/Input/ArgvInput), Object(Symfony/Component/Console/Output/ConsoleOutput))
#43 D:/Projects/Zoddy/artisan(18): Illuminate/Foundation/Application->handleCommand(Object(Symfony/Component/Console/Input/ArgvInput))
#44 {main}
"} 
